node_id,left_child,right_child,feature,threshold,impurity,n_node_samples,weighted_n_node_samples,value,class
162,163,166,32,0.0003670028527267277,0.49999596079366815,29554,29554.0,"[0.49857887257224065, 0.5014211274277593]",1
192,193,208,8,-0.00032756858854554594,0.49999446140611326,36656,36656.0,"[0.49833587952859015, 0.5016641204714098]",1
153,154,157,30,0.0005642146861646324,0.4999921207113045,101015,101015.0,"[0.4980151462654061, 0.5019848537345939]",1
89,90,93,32,0.0013276173849590123,0.499989326792473,5411,5411.0,"[0.49768989096285343, 0.5023101090371466]",1
407,408,409,27,0.0002576819679234177,0.49998856846922834,6065,6065.0,"[0.49760923330585327, 0.5023907666941467]",1
260,261,262,30,0.001668797864113003,0.4999877636129806,1415,1415.0,"[0.4975265017667845, 0.5024734982332155]",1
116,-1,-1,-2,-2.0,0.4999813241961981,12599,12599.0,"[0.49694420192078737, 0.5030557980792126]",1
47,-1,-1,-2,-2.0,0.49998071062073224,4991,4991.0,"[0.4968944099378882, 0.5031055900621118]",1
252,-1,-1,-2,-2.0,0.49997933207301837,26597,26597.0,"[0.49678535173139826, 0.5032146482686017]",1
145,146,153,29,-0.0013990883016958833,0.49997813432487703,104038,104038.0,"[0.49669351583075416, 0.5033064841692458]",1
234,-1,-1,-2,-2.0,0.49997689503607534,11033,11033.0,"[0.49660110577358835, 0.5033988942264117]",1
243,-1,-1,-2,-2.0,0.4999666965437466,2083,2083.0,"[0.4959193470955353, 0.5040806529044647]",1
348,349,350,30,0.00043502263724803925,0.49996584932723176,242,242.0,"[0.49586776859504134, 0.5041322314049587]",1
392,-1,-1,-2,-2.0,0.49993989761075286,7844,7844.0,"[0.49451810300866905, 0.505481896991331]",1
353,354,357,7,3.138769268989563,0.4999326371173469,4480,4480.0,"[0.4941964285714286, 0.5058035714285715]",1
222,-1,-1,-2,-2.0,0.49992245900855725,11483,11483.0,"[0.49377340416267523, 0.5062265958373248]",1
154,155,156,39,-0.00015009756316430867,0.4999104837632623,70402,70402.0,"[0.4933098491520127, 0.5066901508479873]",1
247,248,251,30,-0.0009795189835131168,0.4999038259434835,35547,35547.0,"[0.493065518890483, 0.506934481109517]",1
0,1,254,20,9.66567768045934e-06,0.49988759652816317,1298824,1298824.0,"[0.4925032182959354, 0.5074967817040646]",1
232,233,236,40,0.0029795203590765595,0.4998457729274306,12925,12925.0,"[0.49121856866537716, 0.5087814313346228]",1
155,-1,-1,-2,-2.0,0.49983567179781707,66634,66634.0,"[0.49093555842362757, 0.5090644415763724]",1
128,129,160,10,0.00015669517597416416,0.49982965534748447,264604,264604.0,"[0.4907711145712083, 0.5092288854287917]",1
354,355,356,9,1.4189403057098389,0.4998119057457556,4434,4434.0,"[0.4903022101939558, 0.5096977898060442]",1
251,252,253,41,903.5,0.4997988386241926,33802,33802.0,"[0.4899710076326845, 0.5100289923673156]",1
220,221,222,38,-0.00039070448838174343,0.4997982405769046,11848,11848.0,"[0.4899561107359892, 0.5100438892640108]",1
159,-1,-1,-2,-2.0,0.49979746373299083,12024,12024.0,"[0.48993679308050564, 0.5100632069194944]",1
208,209,216,11,-1.7467892169952393,0.4997726243056435,24666,24666.0,"[0.4893375496635044, 0.5106624503364956]",1
90,91,92,26,0.001038591843098402,0.49971191984414176,4791,4791.0,"[0.48799833020246297, 0.512001669797537]",1
113,114,117,25,0.0019260409171693027,0.4996352713076969,17476,17476.0,"[0.48649576562142366, 0.5135042343785763]",1
175,-1,-1,-2,-2.0,0.49960648656171913,48371,48371.0,"[0.48597300035145025, 0.5140269996485497]",1
454,455,458,27,0.0022439658641815186,0.49955603681121274,13323,13323.0,"[0.48510095323876, 0.51489904676124]",1
44,45,48,16,-2.8196855055284686e-05,0.4995540371471743,8304,8304.0,"[0.4850674373795761, 0.5149325626204239]",1
91,-1,-1,-2,-2.0,0.4995493655270439,4730,4730.0,"[0.48498942917547566, 0.5150105708245243]",1
151,-1,-1,-2,-2.0,0.49953935533974314,1219,1219.0,"[0.48482362592288764, 0.5151763740771124]",1
114,115,116,33,0.2607516050338745,0.4994177933688818,17085,17085.0,"[0.4829382499268364, 0.5170617500731636]",1
449,-1,-1,-2,-2.0,0.49941608015755323,3570,3570.0,"[0.48291316526610645, 0.5170868347338936]",1
166,167,168,11,-0.43278706073760986,0.4994068832380627,18495,18495.0,"[0.48277912949445795, 0.517220870505542]",1
8,-1,-1,-2,-2.0,0.4994054696789536,58,58.0,"[0.4827586206896552, 0.5172413793103449]",1
455,456,457,41,688.5,0.499392054872001,13192,13192.0,"[0.48256519102486356, 0.5174348089751365]",1
36,37,44,29,-0.030600279569625854,0.499365291251866,8364,8364.0,"[0.48218555714968914, 0.5178144428503109]",1
127,128,191,41,610.5,0.4993580151154924,489025,489025.0,"[0.48208373805020194, 0.5179162619497981]",1
246,-1,-1,-2,-2.0,0.4993213212843751,23207,23207.0,"[0.4815788339725083, 0.5184211660274917]",1
161,162,169,41,238.5,0.4992950299257506,133212,133212.0,"[0.4812254151277663, 0.5187745848722337]",1
3,4,35,10,0.0013378364965319633,0.4992508846964925,33534,33534.0,"[0.48064650802170933, 0.5193534919782907]",1
160,161,176,27,0.0019495737506076694,0.49921788380845766,134335,134335.0,"[0.48022481110656196, 0.5197751888934381]",1
239,240,247,33,0.5050282180309296,0.4991707831372647,82114,82114.0,"[0.4796380641547117, 0.5203619358452882]",1
216,217,220,41,707.5,0.4991702306209791,16815,16815.0,"[0.4796312815938151, 0.5203687184061849]",1
423,424,425,27,0.00025076413294300437,0.4991342732309355,4470,4470.0,"[0.4791946308724832, 0.5208053691275167]",1
33,-1,-1,-2,-2.0,0.49909829605196143,3438,3438.0,"[0.47876672484002325, 0.5212332751599767]",1
56,57,58,23,0.00011403120515751652,0.49909461294703483,846,846.0,"[0.4787234042553192, 0.5212765957446809]",1
61,-1,-1,-2,-2.0,0.499054820415879,920,920.0,"[0.4782608695652174, 0.5217391304347826]",1
80,-1,-1,-2,-2.0,0.4990255709343835,521,521.0,"[0.4779270633397313, 0.5220729366602687]",1
45,46,47,25,0.0004741844459204003,0.4990050954639529,7779,7779.0,"[0.4776963620002571, 0.5223036379997429]",1
124,125,126,27,0.0003520334867062047,0.49900335016088926,10124,10124.0,"[0.4776768075859344, 0.5223231924140656]",1
448,449,450,0,0.0029376824386417866,0.4989446558277786,3635,3635.0,"[0.47702888583218706, 0.522971114167813]",1
173,174,175,32,0.0004965521802660078,0.49891358185123835,103446,103446.0,"[0.4766931539160528, 0.5233068460839472]",1
412,-1,-1,-2,-2.0,0.4988784536760169,739,739.0,"[0.476319350473613, 0.523680649526387]",1
169,170,173,26,9.631320790504105e-05,0.49887451061658294,103658,103658.0,"[0.47627775955546126, 0.5237222404445387]",1
214,-1,-1,-2,-2.0,0.4985777777777778,1050,1050.0,"[0.47333333333333333, 0.5266666666666666]",1
456,-1,-1,-2,-2.0,0.498571763825274,11245,11245.0,"[0.47327701200533573, 0.5267229879946643]",1
319,320,351,41,939.5,0.4984697254190915,13810,13810.0,"[0.4723388848660391, 0.5276611151339609]",1
191,192,223,6,-0.00019408805383136496,0.4984141268523671,224421,224421.0,"[0.47184087050677076, 0.5281591294932293]",1
126,-1,-1,-2,-2.0,0.49836251991272984,9139,9139.0,"[0.4713863661232082, 0.5286136338767917]",1
231,-1,-1,-2,-2.0,0.4982698961937716,17,17.0,"[0.47058823529411764, 0.5294117647058824]",1
167,-1,-1,-2,-2.0,0.49814570739686215,13383,13383.0,"[0.46955092281252336, 0.5304490771874767]",1
1,2,127,22,-1.0372437238693237,0.49814481338279715,797057,797057.0,"[0.4695435834576448, 0.5304564165423552]",1
240,241,244,27,9.134698484558612e-05,0.49812583458795745,46567,46567.0,"[0.4693881933558099, 0.53061180664419]",1
174,-1,-1,-2,-2.0,0.4980209012222635,55075,55075.0,"[0.46854289605083976, 0.5314571039491602]",1
313,314,315,41,365.5,0.4978917186709394,77,77.0,"[0.4675324675324675, 0.5324675324675324]",1
425,-1,-1,-2,-2.0,0.49784746535576396,4176,4176.0,"[0.4671934865900383, 0.5328065134099617]",1
223,224,239,34,2.1588085473922547e-05,0.4977780144739721,187765,187765.0,"[0.46666844193539797, 0.533331558064602]",1
244,245,246,32,0.0002343945816392079,0.4977324046354742,43909,43909.0,"[0.4663280876357922, 0.5336719123642077]",1
85,-1,-1,-2,-2.0,0.4976716926883522,12632,12632.0,"[0.465880303989867, 0.534119696010133]",1
112,113,120,11,-2.222806692123413,0.4976180961076422,49058,49058.0,"[0.46548982836642344, 0.5345101716335766]",1
87,-1,-1,-2,-2.0,0.4975251998332558,46039,46039.0,"[0.4648233019831013, 0.5351766980168987]",1
253,-1,-1,-2,-2.0,0.4975241863518135,7205,7205.0,"[0.46481609993060374, 0.5351839000693962]",1
96,97,112,30,-0.02436612918972969,0.49746189756907655,49307,49307.0,"[0.4643762548928144, 0.5356237451071856]",1
5,6,13,39,-0.0008405020635109395,0.49711976079176456,2701,2701.0,"[0.4620510921880785, 0.5379489078119215]",1
482,483,484,32,0.0010993790929205716,0.49705102979086513,2461,2461.0,"[0.46160097521332794, 0.5383990247866721]",1
318,-1,-1,-2,-2.0,0.4970414201183432,13,13.0,"[0.46153846153846156, 0.5384615384615384]",1
59,60,63,4,0.00046010184451006353,0.49686059270915106,4783,4783.0,"[0.4603805143215555, 0.5396194856784445]",1
58,-1,-1,-2,-2.0,0.4967839397993731,798,798.0,"[0.4598997493734336, 0.5401002506265664]",1
224,225,232,27,0.0005071008636150509,0.4962308313759659,105651,105651.0,"[0.4565882007742473, 0.5434117992257527]",1
118,-1,-1,-2,-2.0,0.49615266235764854,171,171.0,"[0.45614035087719296, 0.543859649122807]",1
321,322,329,35,0.0006207850528880954,0.4961479213382062,6494,6494.0,"[0.4561133353865106, 0.5438866646134893]",1
472,-1,-1,-2,-2.0,0.49596238101130796,3995,3995.0,"[0.4550688360450563, 0.5449311639549437]",1
217,218,219,30,-0.019243204966187477,0.4959505435694387,4967,4967.0,"[0.45500301993154824, 0.5449969800684518]",1
395,-1,-1,-2,-2.0,0.4959095784246964,1183,1183.0,"[0.4547759932375317, 0.5452240067624683]",1
54,-1,-1,-2,-2.0,0.4958160623441289,962,962.0,"[0.45426195426195426, 0.5457380457380457]",1
356,-1,-1,-2,-2.0,0.49579562274853195,2301,2301.0,"[0.4541503694046067, 0.5458496305953933]",1
86,87,88,41,646.5,0.4957835724708297,82870,82870.0,"[0.45408471099312175, 0.5459152890068782]",1
120,121,124,11,-1.5911977887153625,0.4957433313901519,31582,31582.0,"[0.45386612627446016, 0.5461338737255399]",1
219,-1,-1,-2,-2.0,0.49572989686155033,4956,4956.0,"[0.45379338175948347, 0.5462066182405165]",1
213,214,215,40,0.002402696874924004,0.4956182751871676,1143,1143.0,"[0.4531933508311461, 0.5468066491688539]",1
227,-1,-1,-2,-2.0,0.4956060262121159,89339,89339.0,"[0.45312797322557896, 0.546872026774421]",1
146,147,150,18,-9.378958566230722e-06,0.49549331188859824,3023,3023.0,"[0.4525305987429706, 0.5474694012570295]",1
225,226,229,7,1.5254558324813843,0.4953460175559147,92726,92726.0,"[0.45176110260336905, 0.5482388973966309]",1
35,36,51,42,1.5,0.49532797189616484,18259,18259.0,"[0.4516676707377184, 0.5483323292622816]",1
339,-1,-1,-2,-2.0,0.4953173777315296,31,31.0,"[0.45161290322580644, 0.5483870967741935]",1
226,227,228,27,0.00046424059837590903,0.4953003160029268,92666,92666.0,"[0.4515248311138929, 0.5484751688861071]",1
65,-1,-1,-2,-2.0,0.4952331090753126,3349,3349.0,"[0.4511794565541953, 0.5488205434458047]",1
2,3,66,41,203.5,0.49492675426942623,308032,308032.0,"[0.4496351028464575, 0.5503648971535425]",1
245,-1,-1,-2,-2.0,0.49484521187676667,20702,20702.0,"[0.4492319582649019, 0.5507680417350981]",1
131,132,135,26,0.00019067542598349974,0.49479851586245616,3559,3559.0,"[0.4490025288002248, 0.5509974711997753]",1
122,-1,-1,-2,-2.0,0.49477759152965883,19501,19501.0,"[0.44890005640736375, 0.5510999435926363]",1
324,-1,-1,-2,-2.0,0.4946168522161126,4414,4414.0,"[0.44811961939284095, 0.551880380607159]",1
81,82,89,32,0.000857542414451018,0.49451886174073123,177945,177945.0,"[0.4476495546376689, 0.552350445362331]",1
477,478,485,35,0.012245218269526958,0.49448852069156846,3086,3086.0,"[0.4475048606610499, 0.5524951393389501]",1
82,83,86,7,-1.6245338320732117,0.4941853088023367,172534,172534.0,"[0.44608019288951745, 0.5539198071104826]",1
66,67,96,40,0.001055305649060756,0.494134818531514,274498,274498.0,"[0.4458465999752275, 0.5541534000247725]",1
320,321,336,9,2.40028715133667,0.4940403862939299,7117,7117.0,"[0.445412392862161, 0.554587607137839]",1
322,323,326,40,0.0016654666396789253,0.49401023846283487,5756,5756.0,"[0.4452744961779013, 0.5547255038220987]",1
115,-1,-1,-2,-2.0,0.4936386030030715,4486,4486.0,"[0.44360231832367364, 0.5563976816763263]",1
10,11,12,26,0.00040387173066847026,0.49360951225048555,1831,1831.0,"[0.4434735117422174, 0.5565264882577826]",1
94,-1,-1,-2,-2.0,0.49358149918707084,203,203.0,"[0.4433497536945813, 0.5566502463054187]",1
46,-1,-1,-2,-2.0,0.49357669372119495,2788,2788.0,"[0.4433285509325681, 0.5566714490674318]",1
121,122,123,26,0.0010573167237453163,0.49341785235752544,21458,21458.0,"[0.4426321185571815, 0.5573678814428186]",1
67,68,81,35,-0.0013845301000401378,0.493223055429443,225191,225191.0,"[0.4417894143194, 0.5582105856806]",1
63,64,65,30,-0.008069411851465702,0.49320757624178235,3552,3552.0,"[0.44172297297297297, 0.558277027027027]",1
88,-1,-1,-2,-2.0,0.4929578609492806,36831,36831.0,"[0.44066139936466564, 0.5593386006353344]",1
484,-1,-1,-2,-2.0,0.4928888736002538,2046,2046.0,"[0.44037145650048876, 0.5596285434995112]",1
276,-1,-1,-2,-2.0,0.4928,1250,1250.0,"[0.44, 0.56]",1
83,84,85,41,886.5,0.4924802526704821,89664,89664.0,"[0.4386821912919343, 0.5613178087080657]",1
478,479,482,36,-0.00017148962069768459,0.4924779790697842,2984,2984.0,"[0.4386729222520107, 0.5613270777479893]",1
393,394,397,26,0.0008051415788941085,0.4924141718350251,1437,1437.0,"[0.4384133611691023, 0.5615866388308977]",1
476,477,490,41,848.5,0.4924117472536632,3182,3182.0,"[0.43840351979886866, 0.5615964802011314]",1
417,-1,-1,-2,-2.0,0.49197079738026395,726,726.0,"[0.4366391184573003, 0.5633608815426997]",1
409,-1,-1,-2,-2.0,0.4914933837429112,1518,1518.0,"[0.43478260869565216, 0.5652173913043478]",1
84,-1,-1,-2,-2.0,0.4913465466485498,77032,77032.0,"[0.43422214144771004, 0.5657778585522899]",1
394,395,396,12,-4.311907287046779e-05,0.4913094622213392,1426,1426.0,"[0.4340813464235624, 0.5659186535764376]",1
323,324,325,32,0.000317036421620287,0.49127023958929994,5116,5116.0,"[0.43393275996872555, 0.5660672400312744]",1
236,237,238,42,0.5,0.49119370196549306,1718,1718.0,"[0.43364377182770664, 0.5663562281722934]",1
11,-1,-1,-2,-2.0,0.4911315101609325,1742,1742.0,"[0.4334098737083812, 0.5665901262916189]",1
76,-1,-1,-2,-2.0,0.49065091164885777,20462,20462.0,"[0.4316293617437201, 0.56837063825628]",1
6,7,10,20,-3.7372150472947396e-05,0.49056157423859004,1987,1987.0,"[0.43130347257171614, 0.5686965274282838]",1
364,365,366,29,-0.0003869834035867825,0.4900207948066697,361,361.0,"[0.4293628808864266, 0.5706371191135734]",1
421,-1,-1,-2,-2.0,0.48991885798778767,331,331.0,"[0.42900302114803623, 0.5709969788519638]",1
181,182,183,25,0.0005449819727800786,0.4897959183673469,315,315.0,"[0.42857142857142855, 0.5714285714285714]",1
51,52,59,41,162.5,0.4890099761492641,9895,9895.0,"[0.42587165234967156, 0.5741283476503285]",1
274,275,278,9,2.950165867805481,0.48897580823685727,1421,1421.0,"[0.4257565095003519, 0.5742434904996482]",1
135,136,137,7,-1.199592411518097,0.48839963159510547,2869,2869.0,"[0.423841059602649, 0.5761589403973509]",1
350,-1,-1,-2,-2.0,0.48804336273780424,194,194.0,"[0.422680412371134, 0.5773195876288659]",1
68,69,74,27,0.0001819439057726413,0.4871096238712552,47246,47246.0,"[0.4197180713711214, 0.5802819286288786]",1
297,298,301,11,0.007160721812397242,0.486814230403974,234,234.0,"[0.4188034188034188, 0.5811965811965812]",1
74,75,78,7,-1.086750090122223,0.4868074466904748,47065,47065.0,"[0.41878253479230854, 0.5812174652076915]",1
275,276,277,11,2.385306715965271,0.4867983289685588,1397,1397.0,"[0.41875447387258413, 0.5812455261274159]",1
149,-1,-1,-2,-2.0,0.4866115702479339,1540,1540.0,"[0.41818181818181815, 0.5818181818181818]",1
75,76,77,11,-2.2048717737197876,0.486187812050785,46292,46292.0,"[0.416897088049771, 0.583102911950229]",1
266,267,270,27,0.00011117295071016997,0.48561950685681066,342,342.0,"[0.4152046783625731, 0.5847953216374269]",1
376,377,378,10,-0.0006262656534090638,0.48414336648526923,146,146.0,"[0.410958904109589, 0.589041095890411]",1
228,-1,-1,-2,-2.0,0.4832467531411576,3327,3327.0,"[0.4084761045987376, 0.5915238954012624]",1
147,148,149,3,-0.9873335957527161,0.482861716301316,1615,1615.0,"[0.40743034055727556, 0.5925696594427244]",1
111,-1,-1,-2,-2.0,0.4828532235939643,27,27.0,"[0.4074074074074074, 0.5925925925925926]",1
137,-1,-1,-2,-2.0,0.48256321983212314,2565,2565.0,"[0.40662768031189084, 0.5933723196881091]",1
18,-1,-1,-2,-2.0,0.482421875,192,192.0,"[0.40625, 0.59375]",1
77,-1,-1,-2,-2.0,0.48203596013063166,25830,25830.0,"[0.4052264808362369, 0.5947735191637631]",1
344,345,348,42,1.5,0.48183806228373705,425,425.0,"[0.4047058823529412, 0.5952941176470589]",1
238,-1,-1,-2,-2.0,0.4802888048729258,1380,1380.0,"[0.4007246376811594, 0.5992753623188406]",1
367,368,375,26,0.00012270743172848597,0.480221912291256,719,719.0,"[0.40055632823365783, 0.5994436717663422]",1
268,-1,-1,-2,-2.0,0.48,135,135.0,"[0.4, 0.6]",1
491,492,493,26,0.0015837362734600902,0.48,35,35.0,"[0.4, 0.6]",1
52,53,56,14,-1.9754130335059017e-05,0.4773511526470595,5112,5112.0,"[0.3935837245696401, 0.6064162754303599]",1
123,-1,-1,-2,-2.0,0.47128333258047506,1957,1957.0,"[0.38017373530914667, 0.6198262646908533]",1
298,299,300,29,0.0012934710248373449,0.4702273299603946,209,209.0,"[0.37799043062200954, 0.6220095693779905]",1
53,54,55,27,0.0003407851909287274,0.46959396565347655,4266,4266.0,"[0.376699484294421, 0.623300515705579]",1
366,-1,-1,-2,-2.0,0.46875,312,312.0,"[0.375, 0.625]",1
102,103,104,41,616.5,0.46875,16,16.0,"[0.375, 0.625]",1
212,-1,-1,-2,-2.0,0.46706868196413187,113,113.0,"[0.37168141592920356, 0.6283185840707964]",1
221,-1,-1,-2,-2.0,0.46612872959279417,365,365.0,"[0.3698630136986301, 0.6301369863013698]",1
480,-1,-1,-2,-2.0,0.4640651878678135,470,470.0,"[0.3659574468085106, 0.6340425531914894]",1
176,177,184,40,0.00743594067171216,0.4616530109132373,1123,1123.0,"[0.36153161175422976, 0.6384683882457702]",1
139,140,141,39,-0.001682184636592865,0.4591836734693877,252,252.0,"[0.35714285714285715, 0.6428571428571429]",1
55,-1,-1,-2,-2.0,0.4574358470765497,3304,3304.0,"[0.35411622276029053, 0.6458837772397095]",1
183,-1,-1,-2,-2.0,0.4551264932614075,237,237.0,"[0.350210970464135, 0.6497890295358649]",1
368,369,372,40,0.001068685611244291,0.45256799999999997,500,500.0,"[0.346, 0.654]",1
299,-1,-1,-2,-2.0,0.45217345095121697,194,194.0,"[0.34536082474226804, 0.654639175257732]",1
325,-1,-1,-2,-2.0,0.4517820472236427,702,702.0,"[0.34472934472934474, 0.6552706552706553]",1
272,-1,-1,-2,-2.0,0.45061224489795915,35,35.0,"[0.34285714285714286, 0.6571428571428571]",1
205,206,207,41,694.5,0.4474068663257852,148,148.0,"[0.33783783783783783, 0.6621621621621622]",1
336,337,344,25,9.775399303180166e-05,0.444800568883026,623,623.0,"[0.33386837881219905, 0.666131621187801]",1
396,-1,-1,-2,-2.0,0.4444444444444444,243,243.0,"[0.3333333333333333, 0.6666666666666666]",1
311,-1,-1,-2,-2.0,0.4444444444444444,30,30.0,"[0.3333333333333333, 0.6666666666666666]",1
101,-1,-1,-2,-2.0,0.4444444444444444,3,3.0,"[0.3333333333333333, 0.6666666666666666]",1
479,480,481,30,0.021522224880754948,0.44273184927375164,523,523.0,"[0.33078393881453155, 0.6692160611854685]",1
378,-1,-1,-2,-2.0,0.44259271907656583,121,121.0,"[0.3305785123966942, 0.6694214876033058]",1
262,-1,-1,-2,-2.0,0.4402131190496986,107,107.0,"[0.32710280373831774, 0.6728971962616822]",1
105,106,109,27,0.002279051928780973,0.43213296398891965,171,171.0,"[0.3157894736842105, 0.6842105263157895]",1
312,313,316,39,-0.0007003377540968359,0.43187243817846044,149,149.0,"[0.31543624161073824, 0.6845637583892618]",1
369,370,371,26,7.442244168487377e-05,0.43147125396106834,470,470.0,"[0.3148936170212766, 0.6851063829787234]",1
327,-1,-1,-2,-2.0,0.4285008120895417,119,119.0,"[0.31092436974789917, 0.6890756302521008]",1
21,22,25,35,-0.0002752397413132712,0.4234404536862004,138,138.0,"[0.30434782608695654, 0.6956521739130435]",1
177,178,181,28,0.0012770688626915216,0.42009375914811387,853,853.0,"[0.30011723329425555, 0.6998827667057445]",1
332,-1,-1,-2,-2.0,0.41880151481398975,67,67.0,"[0.29850746268656714, 0.7014925373134329]",1
7,8,9,26,0.0002319041159353219,0.4105029585798816,156,156.0,"[0.28846153846153844, 0.7115384615384616]",1
267,268,269,35,0.00033339821675326675,0.4087372434922524,213,213.0,"[0.2863849765258216, 0.7136150234741784]",1
64,-1,-1,-2,-2.0,0.40816326530612246,203,203.0,"[0.2857142857142857, 0.7142857142857143]",1
345,346,347,30,0.0008919798710849136,0.4068201498999672,183,183.0,"[0.28415300546448086, 0.7158469945355191]",1
333,334,335,42,3.5,0.4004733727810651,65,65.0,"[0.27692307692307694, 0.7230769230769231]",1
170,171,172,3,-1.1218342781066895,0.3974724101103596,212,212.0,"[0.27358490566037735, 0.7264150943396226]",1
206,-1,-1,-2,-2.0,0.379504132231405,110,110.0,"[0.2545454545454545, 0.7454545454545455]",1
359,-1,-1,-2,-2.0,0.375,4,4.0,"[0.25, 0.75]",1
97,98,105,29,-0.02391489129513502,0.36992951726585055,249,249.0,"[0.24497991967871485, 0.7550200803212851]",1
140,-1,-1,-2,-2.0,0.36623067776456597,145,145.0,"[0.2413793103448276, 0.7586206896551724]",1
277,-1,-1,-2,-2.0,0.36281179138321995,147,147.0,"[0.23809523809523808, 0.7619047619047619]",1
172,-1,-1,-2,-2.0,0.3601874948603383,191,191.0,"[0.2356020942408377, 0.7643979057591623]",1
26,-1,-1,-2,-2.0,0.35777777777777775,30,30.0,"[0.23333333333333334, 0.7666666666666667]",1
371,-1,-1,-2,-2.0,0.3550295857988166,338,338.0,"[0.23076923076923078, 0.7692307692307693]",1
215,-1,-1,-2,-2.0,0.34963579604578565,93,93.0,"[0.22580645161290322, 0.7741935483870968]",1
178,179,180,28,-0.010476011782884598,0.3486477522422299,538,538.0,"[0.22490706319702602, 0.775092936802974]",1
434,435,436,11,1.9684381484985352,0.34780023781212843,58,58.0,"[0.22413793103448276, 0.7758620689655172]",1
180,-1,-1,-2,-2.0,0.33719556960005104,531,531.0,"[0.21468926553672316, 0.7853107344632768]",1
188,189,190,0,-0.020473437383770943,0.3254132231404959,44,44.0,"[0.20454545454545456, 0.7954545454545454]",1
343,-1,-1,-2,-2.0,0.31999999999999995,10,10.0,"[0.2, 0.8]",1
280,-1,-1,-2,-2.0,0.31999999999999995,5,5.0,"[0.2, 0.8]",1
106,107,108,11,-2.441480875015259,0.310272,125,125.0,"[0.192, 0.808]",1
148,-1,-1,-2,-2.0,0.3036444444444445,75,75.0,"[0.18666666666666668, 0.8133333333333334]",1
337,338,341,36,0.00012792849156539887,0.2975206611570248,198,198.0,"[0.18181818181818182, 0.8181818181818182]",1
346,-1,-1,-2,-2.0,0.2947998046875,128,128.0,"[0.1796875, 0.8203125]",1
315,-1,-1,-2,-2.0,0.29336734693877553,28,28.0,"[0.17857142857142858, 0.8214285714285714]",1
334,-1,-1,-2,-2.0,0.28931979070483227,57,57.0,"[0.17543859649122806, 0.8245614035087719]",1
9,-1,-1,-2,-2.0,0.2867555185339442,98,98.0,"[0.17346938775510204, 0.826530612244898]",1
450,-1,-1,-2,-2.0,0.2603550295857988,65,65.0,"[0.15384615384615385, 0.8461538461538461]",1
316,317,318,42,3.5,0.2588734567901234,72,72.0,"[0.1527777777777778, 0.8472222222222222]",1
490,491,496,32,0.0027238389011472464,0.24913194444444442,96,96.0,"[0.14583333333333334, 0.8541666666666666]",1
338,339,340,5,2.1906367540359497,0.2403170937236665,179,179.0,"[0.13966480446927373, 0.8603351955307262]",1
108,-1,-1,-2,-2.0,0.23553719008264462,110,110.0,"[0.13636363636363635, 0.8636363636363636]",1
488,-1,-1,-2,-2.0,0.19753086419753085,9,9.0,"[0.1111111111111111, 0.8888888888888888]",1
269,-1,-1,-2,-2.0,0.16337935568704798,78,78.0,"[0.08974358974358974, 0.9102564102564102]",1
98,99,102,41,606.0,0.16337935568704798,78,78.0,"[0.08974358974358974, 0.9102564102564102]",1
317,-1,-1,-2,-2.0,0.1551278368284975,59,59.0,"[0.0847457627118644, 0.9152542372881356]",1
37,38,41,26,0.00533282058313489,0.1527777777777778,60,60.0,"[0.08333333333333333, 0.9166666666666666]",1
22,23,24,26,0.00015476637054234743,0.14404296875,64,64.0,"[0.078125, 0.921875]",1
340,-1,-1,-2,-2.0,0.1376004382761139,148,148.0,"[0.07432432432432433, 0.9256756756756757]",1
187,-1,-1,-2,-2.0,0.13265306122448983,14,14.0,"[0.07142857142857142, 0.9285714285714286]",1
49,-1,-1,-2,-2.0,0.12444444444444447,15,15.0,"[0.06666666666666667, 0.9333333333333333]",1
436,-1,-1,-2,-2.0,0.12192816635160686,46,46.0,"[0.06521739130434782, 0.9347826086956522]",1
41,42,43,11,-2.043362021446228,0.06887755102040816,56,56.0,"[0.03571428571428571, 0.9642857142857143]",1
481,-1,-1,-2,-2.0,0.03702385190459234,53,53.0,"[0.018867924528301886, 0.9811320754716981]",1
23,-1,-1,-2,-2.0,0.03447214527546938,57,57.0,"[0.017543859649122806, 0.9824561403508771]",1
99,100,101,30,-0.02527895476669073,0.031737773152965665,62,62.0,"[0.016129032258064516, 0.9838709677419355]",1
16,-1,-1,-2,-2.0,0.0,2,2.0,"[0.0, 1.0]",1
71,-1,-1,-2,-2.0,0.0,6,6.0,"[0.0, 1.0]",1
73,-1,-1,-2,-2.0,0.0,7,7.0,"[0.0, 1.0]",1
104,-1,-1,-2,-2.0,0.0,10,10.0,"[0.0, 1.0]",1
100,-1,-1,-2,-2.0,0.0,59,59.0,"[0.0, 1.0]",1
460,-1,-1,-2,-2.0,0.0,10,10.0,"[0.0, 1.0]",1
489,-1,-1,-2,-2.0,0.0,9,9.0,"[0.0, 1.0]",1
492,-1,-1,-2,-2.0,0.0,15,15.0,"[0.0, 1.0]",1
495,-1,-1,-2,-2.0,0.0,3,3.0,"[0.0, 1.0]",1
292,-1,-1,-2,-2.0,0.0,10,10.0,"[0.0, 1.0]",1
302,-1,-1,-2,-2.0,0.0,4,4.0,"[0.0, 1.0]",1
190,-1,-1,-2,-2.0,0.0,32,32.0,"[0.0, 1.0]",1
374,-1,-1,-2,-2.0,0.0,2,2.0,"[0.0, 1.0]",1
381,-1,-1,-2,-2.0,0.0,5,5.0,"[0.0, 1.0]",1
39,-1,-1,-2,-2.0,0.0,1,1.0,"[0.0, 1.0]",1
42,-1,-1,-2,-2.0,0.0,54,54.0,"[0.0, 1.0]",1
496,-1,-1,-2,-2.0,0.0,61,61.0,"[0.0, 1.0]",1
