feature_1,feature_2,correlation,abs_correlation
ema_30m_normalized,slope_ema_30m_normalized,-1.0000000000000095,1.0000000000000095
macd_normalized,ema_crossover_5m_60m,1.0,1.0
ema_10m_normalized,slope_ema_10m_normalized,-0.9999999999999997,0.9999999999999997
ema_5m_normalized,slope_ema_5m_normalized,-0.9999999999999969,0.9999999999999969
ema_15m_normalized,slope_ema_15m_normalized,-0.9999999999999949,0.9999999999999949
ema_60m_normalized,slope_ema_60m_normalized,-0.9999999999999853,0.9999999999999853
minute_of_day,hour_of_day,0.9974367005817999,0.9974367005817999
slope2_ema_30m_normalized,slope2_ema_60m_normalized,0.9969594445807991,0.9969594445807991
slope2_ema_10m_normalized,slope2_ema_15m_normalized,0.9960146166015252,0.9960146166015252
slope2_ema_15m_normalized,slope2_ema_30m_normalized,0.9935487017267065,0.9935487017267065
ema_10m_z,ema_15m_z,0.9919313678963991,0.9919313678963991
return_1m,slope2_ema_60m_normalized,0.9914958426504243,0.9914958426504243
ema_5m_z,ema_10m_z,0.9849217408730591,0.9849217408730591
slope2_ema_15m_normalized,slope2_ema_60m_normalized,0.9828930775817747,0.9828930775817747
price_normalized,slope_ema_60m_normalized,0.9826240824333006,0.9826240824333006
price_normalized,ema_60m_normalized,-0.9826240824332981,0.9826240824332981
return_1m,slope2_ema_30m_normalized,0.982215307965468,0.982215307965468
slope2_ema_5m_normalized,slope2_ema_10m_normalized,0.981562372360236,0.981562372360236
ema_10m_normalized,slope_ema_15m_normalized,-0.981484640518186,0.981484640518186
ema_15m_normalized,slope_ema_10m_normalized,-0.9814846405181736,0.9814846405181736
slope_ema_10m_normalized,slope_ema_15m_normalized,0.9814846405181665,0.9814846405181665
ema_10m_normalized,ema_15m_normalized,0.9814846405181609,0.9814846405181609
slope2_ema_10m_normalized,slope2_ema_30m_normalized,0.9802725882257141,0.9802725882257141
ema_60m_normalized,macd_normalized,-0.9717733421607853,0.9717733421607853
ema_60m_normalized,ema_crossover_5m_60m,-0.9717733421607853,0.9717733421607853
slope_ema_60m_normalized,ema_crossover_5m_60m,0.9717733421607654,0.9717733421607654
slope_ema_60m_normalized,macd_normalized,0.9717733421607654,0.9717733421607654
price_normalized,ema_crossover_5m_60m,0.969133600704374,0.969133600704374
price_normalized,macd_normalized,0.969133600704374,0.969133600704374
ema_5m_z,price_z,0.9655029148192621,0.9655029148192621
slope2_ema_10m_normalized,slope2_ema_60m_normalized,0.9651913961738187,0.9651913961738187
ema_15m_z,ema_30m_z,0.9633732777821659,0.9633732777821659
return_1m,slope2_ema_15m_normalized,0.9627082587065352,0.9627082587065352
slope2_ema_5m_normalized,slope2_ema_15m_normalized,0.9619459386439146,0.9619459386439146
macd_signal_normalized,ema_crossover_5m_60m,0.9606917201514402,0.9606917201514402
macd_normalized,macd_signal_normalized,0.9606917201514401,0.9606917201514401
ema_5m_z,ema_15m_z,0.9579804235595009,0.9579804235595009
ema_10m_normalized,slope_ema_5m_normalized,-0.9512403451636898,0.9512403451636898
ema_5m_normalized,ema_10m_normalized,0.9512403451636786,0.9512403451636786
ema_5m_normalized,slope_ema_10m_normalized,-0.9512403451636722,0.9512403451636722
slope_ema_5m_normalized,slope_ema_10m_normalized,0.9512403451636712,0.9512403451636712
slope_ema_30m_normalized,slope_ema_60m_normalized,0.9459059349000986,0.9459059349000986
ema_60m_normalized,slope_ema_30m_normalized,-0.9459059349000933,0.9459059349000933
ema_30m_normalized,slope_ema_60m_normalized,-0.9459059349000835,0.9459059349000835
ema_30m_normalized,ema_60m_normalized,0.9459059349000705,0.9459059349000705
ema_15m_normalized,slope_ema_30m_normalized,-0.9454726130624304,0.9454726130624304
ema_15m_normalized,ema_30m_normalized,0.9454726130624198,0.9454726130624198
slope_ema_15m_normalized,slope_ema_30m_normalized,0.9454726130624094,0.9454726130624094
ema_30m_normalized,slope_ema_15m_normalized,-0.9454726130623922,0.9454726130623922
return_1m,slope2_ema_10m_normalized,0.9424067887508293,0.9424067887508293
ema_30m_z,ema_60m_z,0.9328822857899854,0.9328822857899854
slope2_ema_5m_normalized,slope2_ema_30m_normalized,0.9306442170009187,0.9306442170009187
ema_10m_z,ema_30m_z,0.9288110231784041,0.9288110231784041
price_normalized,momentum_30m,0.9254810465769505,0.9254810465769505
price_normalized,ema_30m_normalized,-0.9241108783297832,0.9241108783297832
price_normalized,slope_ema_30m_normalized,0.9241108783297789,0.9241108783297789
ema_10m_z,price_z,0.9217927250730743,0.9217927250730743
slope2_ema_5m_normalized,slope2_ema_60m_normalized,0.9092403554206314,0.9092403554206314
return_1m,oc_spread,0.9055922792998226,0.9055922792998226
price_normalized,macd_signal_normalized,0.8996218957131793,0.8996218957131793
momentum_60m,macd_signal_normalized,0.8994487327209987,0.8994487327209987
ema_60m_normalized,momentum_30m,-0.8980086856077785,0.8980086856077785
slope_ema_60m_normalized,momentum_30m,0.8980086856077741,0.8980086856077741
ema_30m_normalized,momentum_15m,-0.8971813232954379,0.8971813232954379
slope_ema_30m_normalized,momentum_15m,0.8971813232954331,0.8971813232954331
slope2_ema_60m_normalized,oc_spread,0.8969772010134833,0.8969772010134833
momentum_30m,macd_normalized,0.8962970692660078,0.8962970692660078
momentum_30m,ema_crossover_5m_60m,0.8962970692660078,0.8962970692660078
volatility_30m,volatility_60m,0.8933214617041968,0.8933214617041968
momentum_60m,ema_crossover_5m_60m,0.8887614293376574,0.8887614293376574
momentum_60m,macd_normalized,0.8887614293376574,0.8887614293376574
slope2_ema_30m_normalized,oc_spread,0.8885308368051202,0.8885308368051202
ema_60m_normalized,macd_signal_normalized,-0.8852065960356328,0.8852065960356328
slope_ema_60m_normalized,macd_signal_normalized,0.8852065960356219,0.8852065960356219
ema_15m_z,price_z,0.8840777857280917,0.8840777857280917
return_1m,slope2_ema_5m_normalized,0.8830144004089139,0.8830144004089139
ema_10m_normalized,macd_histogram_normalized,-0.8825724316511538,0.8825724316511538
slope_ema_10m_normalized,macd_histogram_normalized,0.8825724316511528,0.8825724316511528
slope_ema_5m_normalized,slope_ema_15m_normalized,0.8823906309680076,0.8823906309680076
ema_15m_normalized,slope_ema_5m_normalized,-0.8823906309679991,0.8823906309679991
ema_5m_normalized,slope_ema_15m_normalized,-0.8823906309679981,0.8823906309679981
ema_5m_normalized,ema_15m_normalized,0.8823906309679912,0.8823906309679912
ema_10m_normalized,slope_ema_30m_normalized,-0.8733943509881454,0.8733943509881454
slope_ema_10m_normalized,slope_ema_30m_normalized,0.8733943509881282,0.8733943509881282
ema_10m_normalized,ema_30m_normalized,0.8733943509881121,0.8733943509881121
ema_30m_normalized,slope_ema_10m_normalized,-0.8733943509880921,0.8733943509880921
ema_5m_z,ema_30m_z,0.8723668040348751,0.8723668040348751
ema_15m_normalized,macd_histogram_normalized,-0.8715762520071848,0.8715762520071848
slope_ema_15m_normalized,macd_histogram_normalized,0.8715762520071654,0.8715762520071654
slope2_ema_15m_normalized,oc_spread,0.8704589319764645,0.8704589319764645
price_normalized,momentum_60m,0.8656649617295936,0.8656649617295936
slope_ema_30m_normalized,macd_normalized,0.8639002115303666,0.8639002115303666
slope_ema_30m_normalized,ema_crossover_5m_60m,0.8639002115303666,0.8639002115303666
ema_30m_normalized,macd_normalized,-0.863900211530352,0.863900211530352
ema_30m_normalized,ema_crossover_5m_60m,-0.863900211530352,0.863900211530352
volatility_15m,volatility_30m,0.8631199891752463,0.8631199891752463
ema_60m_normalized,momentum_60m,-0.8626317879772067,0.8626317879772067
slope_ema_60m_normalized,momentum_60m,0.8626317879771929,0.8626317879771929
ema_30m_normalized,momentum_30m,-0.8595610059349403,0.8595610059349403
slope_ema_30m_normalized,momentum_30m,0.8595610059349307,0.8595610059349307
ema_15m_normalized,momentum_15m,-0.8593282283286756,0.8593282283286756
slope_ema_15m_normalized,momentum_15m,0.8593282283286541,0.8593282283286541
slope2_ema_10m_normalized,oc_spread,0.8516091616290368,0.8516091616290368
volatility_15m,atr_14,0.8494439080586142,0.8494439080586142
rsi_14,bb_position_20,0.8450755678770592,0.8450755678770592
ema_15m_z,ema_60m_z,0.8433029859495877,0.8433029859495877
momentum_30m,macd_signal_normalized,0.8384193380174427,0.8384193380174427
volatility_30m,atr_14,0.8230997068198955,0.8230997068198955
ema_15m_normalized,slope_ema_60m_normalized,-0.809045293968339,0.809045293968339
ema_15m_normalized,ema_60m_normalized,0.8090452939683356,0.8090452939683356
ema_60m_normalized,slope_ema_15m_normalized,-0.8090452939683236,0.8090452939683236
slope_ema_15m_normalized,slope_ema_60m_normalized,0.8090452939683166,0.8090452939683166
volatility_60m,atr_14,0.8055386769141211,0.8055386769141211
slope_ema_60m_normalized,momentum_15m,0.8020741352712897,0.8020741352712897
ema_60m_normalized,momentum_15m,-0.8020741352712875,0.8020741352712875
ema_10m_z,ema_60m_z,0.7989672431469877,0.7989672431469877
slope2_ema_5m_normalized,oc_spread,0.7969820877609937,0.7969820877609937
ema_30m_z,price_z,0.7932301309044342,0.7932301309044342
volatility_15m,volatility_60m,0.7728496467141874,0.7728496467141874
price_normalized,momentum_15m,0.7725288694107861,0.7725288694107861
ema_10m_normalized,momentum_15m,-0.7713225682550919,0.7713225682550919
slope_ema_10m_normalized,momentum_15m,0.7713225682550803,0.7713225682550803
slope_ema_5m_normalized,macd_histogram_normalized,0.7678243836785853,0.7678243836785853
ema_5m_normalized,macd_histogram_normalized,-0.7678243836785736,0.7678243836785736
price_normalized,ema_15m_normalized,-0.7621938197140897,0.7621938197140897
price_normalized,slope_ema_15m_normalized,0.7621938197140736,0.7621938197140736
price_z,bb_position_20,0.7469909204997275,0.7469909204997275
price_range,atr_14,0.7451667885693541,0.7451667885693541
momentum_15m,ema_crossover_5m_60m,0.7401547035623042,0.7401547035623042
momentum_15m,macd_normalized,0.7401547035623042,0.7401547035623042
ema_5m_z,ema_60m_z,0.7393600224219441,0.7393600224219441
momentum_15m,macd_histogram_normalized,0.731844893346031,0.731844893346031
price_z,rsi_14,0.7315324568901255,0.7315324568901255
ema_30m_normalized,dist_from_high_30m,-0.7266032271118702,0.7266032271118702
slope_ema_30m_normalized,dist_from_high_30m,0.7266032271118651,0.7266032271118651
momentum_30m,momentum_60m,0.7247241647490218,0.7247241647490218
slope_ema_5m_normalized,slope_ema_30m_normalized,0.7245156855855898,0.7245156855855898
ema_5m_normalized,slope_ema_30m_normalized,-0.7245156855855875,0.7245156855855875
ema_30m_normalized,slope_ema_5m_normalized,-0.7245156855855672,0.7245156855855672
ema_5m_normalized,ema_30m_normalized,0.7245156855855646,0.7245156855855646
volatility_30m,dist_from_high_30m,-0.7177294389424748,0.7177294389424748
slope_ema_30m_normalized,macd_histogram_normalized,0.715241473882841,0.715241473882841
ema_30m_normalized,macd_histogram_normalized,-0.7152414738828268,0.7152414738828268
ema_10m_normalized,slope_ema_60m_normalized,-0.7134649901634639,0.7134649901634639
slope_ema_10m_normalized,slope_ema_60m_normalized,0.7134649901634577,0.7134649901634577
ema_10m_normalized,ema_60m_normalized,0.7134649901634452,0.7134649901634452
ema_60m_normalized,slope_ema_10m_normalized,-0.7134649901634452,0.7134649901634452
momentum_15m,momentum_30m,0.7129040785763501,0.7129040785763501
slope_ema_60m_normalized,dist_from_high_30m,0.712861982615035,0.712861982615035
ema_60m_normalized,dist_from_high_30m,-0.7128619826150188,0.7128619826150188
price_normalized,price_z,0.7115373450538028,0.7115373450538028
price_normalized,ema_5m_z,0.7050752180755887,0.7050752180755887
momentum_15m,rsi_14,0.7028093384391166,0.7028093384391166
slope_ema_30m_normalized,macd_signal_normalized,0.7021460502092898,0.7021460502092898
ema_30m_normalized,macd_signal_normalized,-0.7021460502092847,0.7021460502092847
slope_ema_60m_normalized,price_z,0.7010193880849604,0.7010193880849604
ema_60m_normalized,price_z,-0.7010193880849431,0.7010193880849431
momentum_30m,dist_from_high_30m,0.7000778133224823,0.7000778133224823
ema_30m_normalized,momentum_60m,-0.6976101140503848,0.6976101140503848
slope_ema_30m_normalized,momentum_60m,0.6976101140503697,0.6976101140503697
price_normalized,dist_from_high_30m,0.6974799663883124,0.6974799663883124
slope_ema_30m_normalized,price_z,0.6961346778854953,0.6961346778854953
ema_30m_normalized,price_z,-0.6961346778854703,0.6961346778854703
price_normalized,ema_10m_z,0.6920584257722481,0.6920584257722481
ema_10m_z,macd_normalized,0.6908935681535666,0.6908935681535666
ema_10m_z,ema_crossover_5m_60m,0.6908935681535666,0.6908935681535666
ema_5m_z,ema_crossover_5m_60m,0.6908513042926381,0.6908513042926381
ema_5m_z,macd_normalized,0.6908513042926381,0.6908513042926381
ema_15m_normalized,momentum_30m,-0.6888747658099269,0.6888747658099269
slope_ema_15m_normalized,momentum_30m,0.688874765809917,0.688874765809917
ema_5m_z,slope_ema_60m_normalized,0.685966241769898,0.685966241769898
ema_5m_z,ema_60m_normalized,-0.6859662417698805,0.6859662417698805
return_1m,ema_5m_normalized,-0.6847919239988555,0.6847919239988555
return_1m,slope_ema_5m_normalized,0.6847919239988384,0.6847919239988384
ema_15m_z,macd_normalized,0.6842903193137866,0.6842903193137866
ema_15m_z,ema_crossover_5m_60m,0.6842903193137866,0.6842903193137866
ema_30m_z,macd_signal_normalized,0.6815143623811384,0.6815143623811384
price_normalized,ema_15m_z,0.6784811517547181,0.6784811517547181
macd_normalized,dist_from_high_30m,0.6776647106868148,0.6776647106868148
ema_crossover_5m_60m,dist_from_high_30m,0.6776647106868148,0.6776647106868148
ema_5m_z,rsi_14,0.6758188936260066,0.6758188936260066
ema_15m_z,macd_signal_normalized,0.6754494225505853,0.6754494225505853
ema_60m_z,price_z,0.6692573173321739,0.6692573173321739
price_z,macd_normalized,0.6671754398837448,0.6671754398837448
price_z,ema_crossover_5m_60m,0.6671754398837448,0.6671754398837448
ema_10m_z,slope_ema_60m_normalized,0.6668742524766946,0.6668742524766946
ema_10m_z,ema_60m_normalized,-0.6668742524766639,0.6668742524766639
ema_15m_normalized,macd_normalized,-0.6640536250649883,0.6640536250649883
ema_15m_normalized,ema_crossover_5m_60m,-0.6640536250649883,0.6640536250649883
slope_ema_15m_normalized,macd_normalized,0.6640536250649769,0.6640536250649769
slope_ema_15m_normalized,ema_crossover_5m_60m,0.6640536250649769,0.6640536250649769
ema_10m_z,macd_signal_normalized,0.6633385537852505,0.6633385537852505
ema_30m_z,ema_crossover_5m_60m,0.661637063099904,0.661637063099904
ema_30m_z,macd_normalized,0.661637063099904,0.661637063099904
ema_15m_normalized,bb_position_20,-0.6607863610526606,0.6607863610526606
slope_ema_15m_normalized,bb_position_20,0.6607863610526559,0.6607863610526559
ema_60m_z,macd_signal_normalized,0.6600182866323958,0.6600182866323958
ema_5m_z,momentum_30m,0.6586459108800484,0.6586459108800484
price_z,momentum_30m,0.6578175925960966,0.6578175925960966
price_normalized,ema_10m_normalized,-0.6565956235444601,0.6565956235444601
price_normalized,slope_ema_10m_normalized,0.6565956235444406,0.6565956235444406
volatility_15m,dist_from_high_30m,-0.6526190405255823,0.6526190405255823
ema_15m_z,slope_ema_60m_normalized,0.6513225707775183,0.6513225707775183
ema_15m_z,ema_60m_normalized,-0.6513225707775028,0.6513225707775028
ema_5m_z,slope_ema_30m_normalized,0.6512065787632811,0.6512065787632811
ema_5m_z,ema_30m_normalized,-0.6512065787632647,0.6512065787632647
ema_10m_z,momentum_30m,0.6498197718681816,0.6498197718681816
slope_ema_10m_normalized,bb_position_20,0.646997326617694,0.646997326617694
ema_10m_normalized,bb_position_20,-0.6469973266176777,0.6469973266176777
ema_30m_z,momentum_60m,0.646983076015009,0.646983076015009
ema_15m_normalized,dist_from_high_30m,-0.6459992308415416,0.6459992308415416
slope_ema_15m_normalized,dist_from_high_30m,0.6459992308415388,0.6459992308415388
price_normalized,ema_30m_z,0.6392561620062399,0.6392561620062399
momentum_15m,dist_from_high_30m,0.6371962118979397,0.6371962118979397
ema_5m_z,macd_signal_normalized,0.6353300463037004,0.6353300463037004
ema_60m_z,momentum_60m,0.6352943131623928,0.6352943131623928
ema_15m_z,momentum_30m,0.6348832327276707,0.6348832327276707
atr_14,dist_from_high_30m,-0.6293246608057103,0.6293246608057103
volatility_60m,dist_from_high_30m,-0.6282368710831757,0.6282368710831757
ema_5m_normalized,slope2_ema_60m_normalized,-0.6267000546581599,0.6267000546581599
slope_ema_5m_normalized,slope2_ema_60m_normalized,0.6267000546581399,0.6267000546581399
ema_15m_z,momentum_60m,0.626390934242736,0.626390934242736
slope_ema_30m_normalized,rsi_14,0.6258913762348534,0.6258913762348534
ema_30m_normalized,rsi_14,-0.6258913762348238,0.6258913762348238
ema_5m_normalized,oc_spread,-0.621992338885983,0.621992338885983
slope_ema_5m_normalized,oc_spread,0.6219923388859537,0.6219923388859537
ema_60m_z,ema_crossover_5m_60m,0.621314926454442,0.621314926454442
ema_60m_z,macd_normalized,0.621314926454442,0.621314926454442
ema_30m_z,slope_ema_60m_normalized,0.6186600159401819,0.6186600159401819
ema_30m_z,ema_60m_normalized,-0.6186600159401565,0.6186600159401565
ema_5m_z,bb_position_20,0.6176242887492346,0.6176242887492346
ema_15m_normalized,rsi_14,-0.6174804358354938,0.6174804358354938
slope_ema_15m_normalized,rsi_14,0.6174804358354934,0.6174804358354934
slope_ema_30m_normalized,bb_position_20,0.6157408878359347,0.6157408878359347
ema_30m_normalized,bb_position_20,-0.6157408878359115,0.6157408878359115
ema_15m_normalized,price_z,-0.6137563945442515,0.6137563945442515
slope_ema_15m_normalized,price_z,0.6137563945442494,0.6137563945442494
ema_10m_z,momentum_60m,0.6135639129097383,0.6135639129097383
price_z,momentum_15m,0.6053038130656364,0.6053038130656364
ema_10m_z,slope_ema_30m_normalized,0.6039589086474191,0.6039589086474191
ema_10m_z,ema_30m_normalized,-0.6039589086474094,0.6039589086474094
momentum_15m,bb_position_20,0.6008822176448206,0.6008822176448206
ema_5m_z,momentum_60m,0.5978730943434782,0.5978730943434782
price_range,volatility_15m,0.5953134608741675,0.5953134608741675
bb_position_20,macd_histogram_normalized,0.5936849128253494,0.5936849128253494
ema_10m_z,rsi_14,0.5930639985948233,0.5930639985948233
price_z,macd_signal_normalized,0.5880738947708521,0.5880738947708521
ema_5m_normalized,momentum_15m,-0.5876156078913986,0.5876156078913986
slope_ema_5m_normalized,momentum_15m,0.5876156078913919,0.5876156078913919
price_range,volatility_60m,0.5860473060961469,0.5860473060961469
macd_signal_normalized,dist_from_high_30m,0.5859321690427226,0.5859321690427226
price_range,volatility_30m,0.5844427528352855,0.5844427528352855
ema_30m_z,momentum_30m,0.582430146823966,0.582430146823966
price_z,momentum_60m,0.5818700829048521,0.5818700829048521
slope_ema_5m_normalized,bb_position_20,0.578096936757542,0.578096936757542
ema_5m_normalized,bb_position_20,-0.5780969367575276,0.5780969367575276
ema_5m_z,momentum_15m,0.5777041474562137,0.5777041474562137
ema_10m_normalized,momentum_30m,-0.5749655707662779,0.5749655707662779
slope_ema_10m_normalized,momentum_30m,0.5749655707662542,0.5749655707662542
ema_60m_z,slope_ema_60m_normalized,0.5747020914583169,0.5747020914583169
ema_60m_normalized,ema_60m_z,-0.5747020914582944,0.5747020914582944
ema_5m_normalized,slope2_ema_30m_normalized,-0.5743829491629846,0.5743829491629846
slope_ema_5m_normalized,slope2_ema_30m_normalized,0.5743829491629614,0.5743829491629614
price_normalized,ema_60m_z,0.573975881629076,0.573975881629076
atr_14,dist_from_low_30m,0.5739270821292675,0.5739270821292675
ema_10m_normalized,dist_from_high_30m,-0.5734978714788174,0.5734978714788174
slope_ema_10m_normalized,dist_from_high_30m,0.5734978714788124,0.5734978714788124
volatility_30m,dist_from_low_30m,0.57301414325738,0.57301414325738
ema_30m_normalized,dist_from_low_30m,-0.5720989196722013,0.5720989196722013
slope_ema_30m_normalized,dist_from_low_30m,0.5720989196721987,0.5720989196721987
momentum_30m,dist_from_low_30m,0.569284671079236,0.569284671079236
ema_15m_z,slope_ema_30m_normalized,0.5680239054767308,0.5680239054767308
ema_15m_z,ema_30m_normalized,-0.56802390547672,0.56802390547672
momentum_15m,macd_signal_normalized,0.5666368753782288,0.5666368753782288
slope_ema_5m_normalized,slope_ema_60m_normalized,0.5607425494965019,0.5607425494965019
ema_5m_normalized,slope_ema_60m_normalized,-0.5607425494964932,0.5607425494964932
ema_60m_normalized,slope_ema_5m_normalized,-0.5607425494964869,0.5607425494964869
ema_5m_normalized,ema_60m_normalized,0.5607425494964863,0.5607425494964863
slope_ema_10m_normalized,rsi_14,0.5606828236376065,0.5606828236376065
ema_10m_normalized,rsi_14,-0.5606828236376037,0.5606828236376037
slope_ema_5m_normalized,return_lag_1,0.558058242588476,0.558058242588476
ema_5m_normalized,return_lag_1,-0.558058242588455,0.558058242588455
rsi_14,macd_histogram_normalized,0.5564800857734065,0.5564800857734065
volatility_60m,dist_from_low_30m,0.5546928118261227,0.5546928118261227
slope_ema_10m_normalized,price_z,0.5489324574297599,0.5489324574297599
ema_10m_normalized,price_z,-0.5489324574297457,0.5489324574297457
price_normalized,dist_from_low_30m,0.5446167259062084,0.5446167259062084
slope_ema_60m_normalized,rsi_14,0.5409334804833482,0.5409334804833482
ema_60m_normalized,rsi_14,-0.5409334804833272,0.5409334804833272
ema_10m_normalized,ema_crossover_5m_60m,-0.5362832068798562,0.5362832068798562
ema_10m_normalized,macd_normalized,-0.5362832068798562,0.5362832068798562
slope_ema_10m_normalized,macd_normalized,0.5362832068798369,0.5362832068798369
slope_ema_10m_normalized,ema_crossover_5m_60m,0.5362832068798369,0.5362832068798369
momentum_15m,dist_from_low_30m,0.5350445406153408,0.5350445406153408
return_1m,ema_10m_normalized,-0.5305047091030839,0.5305047091030839
return_1m,slope_ema_10m_normalized,0.5305047091030745,0.5305047091030745
slope_ema_10m_normalized,return_lag_1,0.5294120690356705,0.5294120690356705
ema_10m_normalized,return_lag_1,-0.5294120690356658,0.5294120690356658
ema_5m_z,slope_ema_15m_normalized,0.5287068419065413,0.5287068419065413
ema_5m_z,ema_15m_normalized,-0.5287068419065407,0.5287068419065407
ema_10m_z,momentum_15m,0.5268205722024829,0.5268205722024829
ema_60m_normalized,dist_from_low_30m,-0.5244483145000561,0.5244483145000561
slope_ema_60m_normalized,dist_from_low_30m,0.5244483145000316,0.5244483145000316
ema_15m_z,rsi_14,0.5240426072414723,0.5240426072414723
price_normalized,rsi_14,0.5228389634555761,0.5228389634555761
momentum_60m,dist_from_high_30m,0.5203961274395671,0.5203961274395671
ema_15m_normalized,dist_from_low_30m,-0.5201430247091535,0.5201430247091535
slope_ema_15m_normalized,dist_from_low_30m,0.5201430247091257,0.5201430247091257
momentum_15m,momentum_60m,0.5197769565612076,0.5197769565612076
slope_ema_60m_normalized,bb_position_20,0.5101384587797781,0.5101384587797781
ema_60m_normalized,bb_position_20,-0.5101384587797617,0.5101384587797617
ema_10m_z,bb_position_20,0.5082124867128366,0.5082124867128366
ema_15m_normalized,momentum_60m,-0.5081836461886411,0.5081836461886411
slope_ema_15m_normalized,momentum_60m,0.5081836461886252,0.5081836461886252
ema_60m_z,momentum_30m,0.5034847635859798,0.5034847635859798
price_normalized,ema_5m_normalized,-0.5010013049977333,0.5010013049977333
price_normalized,slope_ema_5m_normalized,0.5010013049977273,0.5010013049977273
ema_30m_z,slope_ema_30m_normalized,0.49844130657107,0.49844130657107
ema_30m_normalized,ema_30m_z,-0.49844130657104435,0.49844130657104435
volatility_15m,dist_from_low_30m,0.49417672509656724,0.49417672509656724
macd_normalized,dist_from_low_30m,0.4897231835803986,0.4897231835803986
ema_crossover_5m_60m,dist_from_low_30m,0.4897231835803986,0.4897231835803986
rsi_14,ema_crossover_5m_60m,0.48956251233948167,0.48956251233948167
rsi_14,macd_normalized,0.48956251233948167,0.48956251233948167
ema_5m_normalized,slope2_ema_15m_normalized,-0.48566861272809375,0.48566861272809375
slope_ema_5m_normalized,slope2_ema_15m_normalized,0.4856686127280696,0.4856686127280696
price_normalized,bb_position_20,0.48360330808280416,0.48360330808280416
slope_ema_15m_normalized,return_lag_1,0.4825239243130372,0.4825239243130372
ema_15m_normalized,return_lag_1,-0.482523924313026,0.482523924313026
momentum_30m,rsi_14,0.4819922519437864,0.4819922519437864
ema_10m_normalized,oc_spread,-0.48179547435262265,0.48179547435262265
slope_ema_10m_normalized,oc_spread,0.4817954743525966,0.4817954743525966
ema_15m_z,momentum_15m,0.4804386706127167,0.4804386706127167
slope_ema_60m_normalized,macd_histogram_normalized,0.47947379021141984,0.47947379021141984
ema_60m_normalized,macd_histogram_normalized,-0.4794737902113991,0.4794737902113991
macd_histogram_normalized,return_lag_2,0.4785214909029196,0.4785214909029196
price_z,dist_from_low_30m,0.4746094797873269,0.4746094797873269
price_z,dist_from_high_30m,0.46817444286490423,0.46817444286490423
rsi_14,dist_from_low_30m,0.46378031133018655,0.46378031133018655
ema_10m_normalized,dist_from_low_30m,-0.4616603893888741,0.4616603893888741
slope_ema_10m_normalized,dist_from_low_30m,0.4616603893888486,0.4616603893888486
price_range,dist_from_high_30m,-0.4599487082651977,0.4599487082651977
ema_10m_z,slope_ema_15m_normalized,0.456521707781013,0.456521707781013
ema_10m_z,ema_15m_normalized,-0.45652170778101064,0.45652170778101064
slope_ema_5m_normalized,dist_from_high_30m,0.45264237324961,0.45264237324961
ema_5m_normalized,dist_from_high_30m,-0.4526423732495989,0.4526423732495989
return_1m,ema_15m_normalized,-0.45226526766252906,0.45226526766252906
return_1m,slope_ema_15m_normalized,0.4522652676624996,0.4522652676624996
bb_position_20,dist_from_low_30m,0.4482954199439971,0.4482954199439971
ema_10m_normalized,slope2_ema_60m_normalized,-0.4480946479623185,0.4480946479623185
slope_ema_10m_normalized,slope2_ema_60m_normalized,0.4480946479622962,0.4480946479622962
ema_5m_z,dist_from_high_30m,0.4456632513573829,0.4456632513573829
ema_15m_normalized,macd_signal_normalized,-0.4452971104674205,0.4452971104674205
slope_ema_15m_normalized,macd_signal_normalized,0.44529711046739706,0.44529711046739706
macd_histogram_normalized,return_lag_1,0.4425822498109977,0.4425822498109977
ema_5m_z,dist_from_low_30m,0.4424604023054537,0.4424604023054537
slope_ema_5m_normalized,price_z,0.4424252026699543,0.4424252026699543
ema_5m_normalized,price_z,-0.44242520266993757,0.44242520266993757
macd_histogram_normalized,dist_from_high_30m,0.4412551502396573,0.4412551502396573
ema_5m_z,ema_10m_normalized,-0.43988165892078285,0.43988165892078285
ema_5m_z,slope_ema_10m_normalized,0.4398816589207738,0.4398816589207738
momentum_30m,bb_position_20,0.4363071667127942,0.4363071667127942
slope_ema_10m_normalized,return_lag_2,0.4362045787466988,0.4362045787466988
ema_10m_normalized,return_lag_2,-0.4362045787466892,0.4362045787466892
ema_15m_z,bb_position_20,0.43581048341611694,0.43581048341611694
slope_ema_5m_normalized,rsi_14,0.43003151386976507,0.43003151386976507
ema_5m_normalized,rsi_14,-0.4300315138697596,0.4300315138697596
ema_60m_z,slope_ema_30m_normalized,0.4252098651781883,0.4252098651781883
ema_30m_normalized,ema_60m_z,-0.4252098651781668,0.4252098651781668
slope_ema_15m_normalized,return_lag_2,0.42201975064371944,0.42201975064371944
ema_15m_normalized,return_lag_2,-0.4220197506437004,0.4220197506437004
price_normalized,macd_histogram_normalized,0.42084824357233447,0.42084824357233447
slope_ema_5m_normalized,momentum_30m,0.4205963988235093,0.4205963988235093
ema_5m_normalized,momentum_30m,-0.4205963988235072,0.4205963988235072
ema_10m_z,dist_from_high_30m,0.4194943933280443,0.4194943933280443
rsi_14,dist_from_high_30m,0.4194152073016267,0.4194152073016267
slope_ema_10m_normalized,momentum_60m,0.41858508948486034,0.41858508948486034
ema_10m_normalized,momentum_60m,-0.4185850894848543,0.4185850894848543
price_range,dist_from_low_30m,0.4146866271371465,0.4146866271371465
ema_5m_normalized,slope2_ema_10m_normalized,-0.4134688058370265,0.4134688058370265
slope_ema_5m_normalized,slope2_ema_10m_normalized,0.413468805836997,0.413468805836997
bb_position_20,macd_normalized,0.41252881584832735,0.41252881584832735
bb_position_20,ema_crossover_5m_60m,0.41252881584832735,0.41252881584832735
ema_15m_normalized,oc_spread,-0.41001444418259936,0.41001444418259936
slope_ema_15m_normalized,oc_spread,0.4100144441825774,0.4100144441825774
ema_15m_z,slope_ema_15m_normalized,0.4087515474897353,0.4087515474897353
ema_15m_normalized,ema_15m_z,-0.40875154748972475,0.40875154748972475
bb_position_20,dist_from_high_30m,0.40811061520361247,0.40811061520361247
ema_10m_z,dist_from_low_30m,0.406537936882825,0.406537936882825
macd_signal_normalized,dist_from_low_30m,0.40363130793529894,0.40363130793529894
ema_30m_z,rsi_14,0.3989642486048412,0.3989642486048412
ema_15m_z,dist_from_high_30m,0.39714742416929666,0.39714742416929666
price_z,macd_histogram_normalized,0.39621708979637404,0.39621708979637404
ema_30m_z,momentum_15m,0.39021621870928636,0.39021621870928636
macd_histogram_normalized,dist_from_low_30m,0.38635879002191653,0.38635879002191653
slope_ema_30m_normalized,return_lag_1,0.3857214175267635,0.3857214175267635
ema_30m_normalized,return_lag_1,-0.385721417526751,0.385721417526751
ema_10m_normalized,slope2_ema_30m_normalized,-0.3827735480038613,0.3827735480038613
slope_ema_10m_normalized,slope2_ema_30m_normalized,0.38277354800383784,0.38277354800383784
slope_ema_5m_normalized,return_lag_2,0.3794045445277388,0.3794045445277388
ema_5m_normalized,return_lag_2,-0.3794045445277243,0.3794045445277243
ema_15m_z,dist_from_low_30m,0.37516587334345963,0.37516587334345963
slope2_ema_5m_normalized,return_lag_1,-0.3734768445490714,0.3734768445490714
momentum_30m,macd_histogram_normalized,0.36737412862923075,0.36737412862923075
return_1m,bb_position_20,0.3641022557139689,0.3641022557139689
ema_5m_normalized,dist_from_low_30m,-0.36399921706935706,0.36399921706935706
slope_ema_5m_normalized,dist_from_low_30m,0.3639992170693414,0.3639992170693414
momentum_60m,dist_from_low_30m,0.36282082411958255,0.36282082411958255
oc_spread,bb_position_20,0.36178238191810325,0.36178238191810325
ema_10m_z,slope_ema_10m_normalized,0.36060931546421454,0.36060931546421454
ema_10m_normalized,ema_10m_z,-0.36060931546421,0.36060931546421
ema_15m_normalized,slope2_ema_60m_normalized,-0.35507722152721266,0.35507722152721266
slope_ema_15m_normalized,slope2_ema_60m_normalized,0.3550772215271957,0.3550772215271957
slope_ema_30m_normalized,return_lag_2,0.3545258640834007,0.3545258640834007
ema_30m_normalized,return_lag_2,-0.3545258640833941,0.3545258640833941
rsi_14,macd_signal_normalized,0.35354426160371,0.35354426160371
ema_30m_z,dist_from_high_30m,0.3504443783356044,0.3504443783356044
slope_ema_5m_normalized,ema_crossover_5m_60m,0.349578149529623,0.349578149529623
slope_ema_5m_normalized,macd_normalized,0.349578149529623,0.349578149529623
ema_5m_normalized,macd_normalized,-0.3495781495296188,0.3495781495296188
ema_5m_normalized,ema_crossover_5m_60m,-0.3495781495296188,0.3495781495296188
return_1m,ema_30m_normalized,-0.33755573300586655,0.33755573300586655
return_1m,slope_ema_30m_normalized,0.3375557330058665,0.3375557330058665
momentum_60m,rsi_14,0.33120161112391466,0.33120161112391466
ema_30m_z,slope_ema_15m_normalized,0.3298190126540131,0.3298190126540131
ema_15m_normalized,ema_30m_z,-0.32981901265401,0.32981901265401
macd_normalized,macd_histogram_normalized,0.323772000085621,0.323772000085621
macd_histogram_normalized,ema_crossover_5m_60m,0.32377200008562096,0.32377200008562096
ema_5m_z,macd_histogram_normalized,0.3203480439851575,0.3203480439851575
ema_30m_z,bb_position_20,0.32025844031658085,0.32025844031658085
ema_10m_normalized,ema_15m_z,-0.31299536590405064,0.31299536590405064
ema_15m_z,slope_ema_10m_normalized,0.3129953659040502,0.3129953659040502
ema_60m_z,momentum_15m,0.3082474571677681,0.3082474571677681
ema_10m_normalized,macd_signal_normalized,-0.3071841538367639,0.3071841538367639
slope_ema_10m_normalized,macd_signal_normalized,0.30718415383675673,0.30718415383675673
slope_ema_5m_normalized,momentum_60m,0.30654994604966346,0.30654994604966346
ema_5m_normalized,momentum_60m,-0.30654994604966207,0.30654994604966207
ema_30m_z,dist_from_low_30m,0.30534106317475496,0.30534106317475496
ema_30m_normalized,oc_spread,-0.3046111619954956,0.3046111619954956
slope_ema_30m_normalized,oc_spread,0.3046111619954888,0.3046111619954888
slope2_ema_60m_normalized,bb_position_20,0.3044216470000381,0.3044216470000381
ema_60m_z,dist_from_high_30m,0.3040886457101148,0.3040886457101148
ema_5m_z,slope_ema_5m_normalized,0.2995492595650574,0.2995492595650574
ema_5m_normalized,ema_5m_z,-0.2995492595650505,0.2995492595650505
momentum_60m,bb_position_20,0.29914147758117393,0.29914147758117393
slope_ema_60m_normalized,return_lag_1,0.29390612436441643,0.29390612436441643
ema_60m_normalized,return_lag_1,-0.2939061243644066,0.2939061243644066
ema_60m_z,rsi_14,0.29294483689311074,0.29294483689311074
momentum_15m,return_lag_1,0.29290110166732786,0.29290110166732786
momentum_15m,return_lag_2,0.28922386018728813,0.28922386018728813
ema_15m_normalized,slope2_ema_30m_normalized,-0.28627808130007365,0.28627808130007365
slope_ema_15m_normalized,slope2_ema_30m_normalized,0.28627808130006366,0.28627808130006366
ema_10m_normalized,slope2_ema_15m_normalized,-0.2859125404764158,0.2859125404764158
slope_ema_10m_normalized,slope2_ema_15m_normalized,0.2859125404764013,0.2859125404764013
slope_ema_60m_normalized,return_lag_2,0.27498242374612686,0.27498242374612686
ema_60m_normalized,return_lag_2,-0.2749824237461039,0.2749824237461039
ema_60m_z,slope_ema_15m_normalized,0.26295836189711125,0.26295836189711125
ema_15m_normalized,ema_60m_z,-0.2629583618971108,0.2629583618971108
ema_5m_normalized,slope2_ema_5m_normalized,-0.26273629532147025,0.26273629532147025
slope_ema_5m_normalized,slope2_ema_5m_normalized,0.26273629532143866,0.26273629532143866
bb_position_20,macd_signal_normalized,0.26130353545819884,0.26130353545819884
volatility_60m,hour_of_day,-0.2604429787177513,0.2604429787177513
volatility_60m,minute_of_day,-0.26013730688260994,0.26013730688260994
slope2_ema_30m_normalized,bb_position_20,0.2590763496899072,0.2590763496899072
price_normalized,return_lag_1,0.25766854197510364,0.25766854197510364
bb_position_20,return_lag_1,0.25657189183882684,0.25657189183882684
return_1m,macd_histogram_normalized,0.2553727786355123,0.2553727786355123
return_1m,slope_ema_60m_normalized,0.24840383959326154,0.24840383959326154
return_1m,ema_60m_normalized,-0.24840383959325582,0.24840383959325582
return_1m,price_z,0.2483243484955514,0.2483243484955514
return_1m,momentum_15m,0.24760165830032513,0.24760165830032513
return_lag_1,dist_from_high_30m,0.24353393201717052,0.24353393201717052
ema_30m_z,slope_ema_10m_normalized,0.24148140545105087,0.24148140545105087
ema_10m_normalized,ema_30m_z,-0.24148140545104907,0.24148140545104907
price_normalized,return_lag_2,0.2392797347760091,0.2392797347760091
volatility_30m,minute_of_day,-0.23887406904601538,0.23887406904601538
slope_ema_30m_normalized,volatility_15m,-0.2363894500538861,0.2363894500538861
ema_30m_normalized,volatility_15m,0.23638945005385786,0.23638945005385786
slope_ema_60m_normalized,volatility_15m,-0.23593404726118067,0.23593404726118067
ema_60m_normalized,volatility_15m,0.23593404726116082,0.23593404726116082
volatility_30m,hour_of_day,-0.23593093008038904,0.23593093008038904
oc_spread,macd_histogram_normalized,0.2336870058865534,0.2336870058865534
return_lag_2,dist_from_high_30m,0.2313108081122445,0.2313108081122445
price_z,oc_spread,0.23083970896260375,0.23083970896260375
ema_60m_z,bb_position_20,0.23048384760283389,0.23048384760283389
slope2_ema_5m_normalized,return_lag_2,-0.22917630652353288,0.22917630652353288
atr_14,minute_of_day,-0.22746126498655198,0.22746126498655198
ema_60m_z,dist_from_low_30m,0.22573089636328697,0.22573089636328697
atr_14,hour_of_day,-0.22513573148842922,0.22513573148842922
ema_10m_z,macd_histogram_normalized,0.22504559194315935,0.22504559194315935
oc_spread,momentum_15m,0.22401009702234237,0.22401009702234237
ema_10m_z,slope_ema_5m_normalized,0.22357992193188564,0.22357992193188564
ema_5m_normalized,ema_10m_z,-0.2235799219318767,0.2235799219318767
slope_ema_60m_normalized,oc_spread,0.2232453881019474,0.2232453881019474
ema_60m_normalized,oc_spread,-0.22324538810194627,0.22324538810194627
slope2_ema_10m_normalized,return_lag_1,-0.22107074107195232,0.22107074107195232
slope_ema_15m_normalized,volatility_15m,-0.22101160230738,0.22101160230738
ema_15m_normalized,volatility_15m,0.22101160230735442,0.22101160230735442
volatility_15m,ema_crossover_5m_60m,-0.220602649446418,0.220602649446418
volatility_15m,macd_normalized,-0.220602649446418,0.220602649446418
price_normalized,return_1m,0.21965819123462457,0.21965819123462457
slope_ema_30m_normalized,slope2_ema_60m_normalized,0.21912389727901488,0.21912389727901488
ema_30m_normalized,slope2_ema_60m_normalized,-0.21912389727901183,0.21912389727901183
slope_ema_60m_normalized,volatility_30m,-0.21882007079184648,0.21882007079184648
ema_60m_normalized,volatility_30m,0.21882007079182839,0.21882007079182839
bb_position_20,return_lag_2,0.21777672735081063,0.21777672735081063
ema_10m_normalized,slope2_ema_10m_normalized,-0.21653377203785681,0.21653377203785681
slope_ema_10m_normalized,slope2_ema_10m_normalized,0.21653377203783453,0.21653377203783453
return_1m,rsi_14,0.21621502656002292,0.21621502656002292
volatility_30m,ema_crossover_5m_60m,-0.21219602818352531,0.21219602818352531
volatility_30m,macd_normalized,-0.21219602818352531,0.21219602818352531
volatility_15m,minute_of_day,-0.21210680045596472,0.21210680045596472
oc_spread,rsi_14,0.21204868298884058,0.21204868298884058
momentum_30m,return_lag_1,0.21116891539113047,0.21116891539113047
volatility_15m,hour_of_day,-0.2079200942967554,0.2079200942967554
volatility_15m,momentum_15m,-0.20744516899882343,0.20744516899882343
return_1m,dist_from_low_30m,0.206072553345526,0.206072553345526
price_normalized,volatility_15m,-0.20318586759394697,0.20318586759394697
macd_normalized,return_lag_2,0.20305220884514372,0.20305220884514372
ema_crossover_5m_60m,return_lag_2,0.20305220884514372,0.20305220884514372
slope_ema_10m_normalized,volatility_15m,-0.20250831091945237,0.20250831091945237
ema_10m_normalized,volatility_15m,0.2025083109194249,0.2025083109194249
slope2_ema_15m_normalized,bb_position_20,0.19972673588406295,0.19972673588406295
momentum_30m,return_lag_2,0.1995692778276415,0.1995692778276415
oc_spread,dist_from_low_30m,0.19856647561282836,0.19856647561282836
slope_ema_30m_normalized,volatility_30m,-0.1982863090613158,0.1982863090613158
ema_30m_normalized,volatility_30m,0.1982863090612911,0.1982863090612911
slope2_ema_60m_normalized,macd_histogram_normalized,0.19752338006116812,0.19752338006116812
price_normalized,oc_spread,0.19708925553186446,0.19708925553186446
volatility_30m,macd_signal_normalized,-0.19655256255883807,0.19655256255883807
price_z,return_lag_1,0.19630159065541705,0.19630159065541705
ema_15m_normalized,slope2_ema_15m_normalized,-0.19423336096338545,0.19423336096338545
slope_ema_15m_normalized,slope2_ema_15m_normalized,0.1942333609633806,0.1942333609633806
price_normalized,volatility_30m,-0.19336135061642098,0.19336135061642098
return_1m,dist_from_high_30m,0.1925779688646475,0.1925779688646475
ema_60m_z,slope_ema_10m_normalized,0.18707009602455893,0.18707009602455893
ema_10m_normalized,ema_60m_z,-0.18707009602455885,0.18707009602455885
dist_from_low_30m,minute_of_day,-0.1853077998996792,0.1853077998996792
ema_15m_z,slope_ema_5m_normalized,0.18499398497502934,0.18499398497502934
ema_5m_normalized,ema_15m_z,-0.18499398497502523,0.18499398497502523
volatility_15m,macd_signal_normalized,-0.1847599071919561,0.1847599071919561
rsi_14,return_lag_1,0.18348987955363785,0.18348987955363785
dist_from_low_30m,hour_of_day,-0.1830342033189911,0.1830342033189911
oc_spread,dist_from_high_30m,0.1810447554349882,0.1810447554349882
return_1m,momentum_30m,0.17863958704372615,0.17863958704372615
volatility_30m,momentum_30m,-0.17781134244408708,0.17781134244408708
volatility_15m,momentum_30m,-0.17679983465226287,0.17679983465226287
price_range,minute_of_day,-0.1764913323706637,0.1764913323706637
volatility_30m,momentum_60m,-0.17528938277946624,0.17528938277946624
rsi_14,return_lag_2,0.17373687755547226,0.17373687755547226
price_range,hour_of_day,-0.17366887234784167,0.17366887234784167
ema_crossover_5m_60m,return_lag_1,0.17356201156118434,0.17356201156118434
macd_normalized,return_lag_1,0.17356201156118434,0.17356201156118434
price_z,return_lag_2,0.17329298143612987,0.17329298143612987
volatility_15m,momentum_60m,-0.1701397297099315,0.1701397297099315
slope_ema_15m_normalized,volatility_30m,-0.16964046858427798,0.16964046858427798
ema_15m_normalized,volatility_30m,0.16964046858425666,0.16964046858425666
slope_ema_60m_normalized,volatility_60m,-0.1692542727466675,0.1692542727466675
ema_60m_normalized,volatility_60m,0.16925427274665494,0.16925427274665494
volatility_60m,ema_crossover_5m_60m,-0.16446785450336845,0.16446785450336845
volatility_60m,macd_normalized,-0.16446785450336845,0.16446785450336845
atr_14,macd_normalized,-0.16405049015412873,0.16405049015412873
atr_14,ema_crossover_5m_60m,-0.16405049015412873,0.16405049015412873
volatility_15m,macd_histogram_normalized,-0.16402599092259595,0.16402599092259595
slope2_ema_10m_normalized,bb_position_20,0.16372201960717017,0.16372201960717017
slope_ema_5m_normalized,volatility_15m,-0.16273335256099433,0.16273335256099433
ema_5m_normalized,volatility_15m,0.16273335256096116,0.16273335256096116
slope_ema_60m_normalized,atr_14,-0.1616914975070385,0.1616914975070385
ema_60m_normalized,atr_14,0.16169149750703374,0.16169149750703374
slope2_ema_60m_normalized,price_z,0.16026260996261532,0.16026260996261532
ema_15m_z,macd_histogram_normalized,0.16001352032423283,0.16001352032423283
slope2_ema_10m_normalized,return_lag_2,-0.15889007435019978,0.15889007435019978
momentum_60m,return_lag_1,0.15832347295747476,0.15832347295747476
oc_spread,momentum_30m,0.15815533949075125,0.15815533949075125
atr_14,macd_signal_normalized,-0.15802131091909072,0.15802131091909072
slope2_ema_15m_normalized,return_lag_1,-0.15796995417719736,0.15796995417719736
slope2_ema_5m_normalized,macd_histogram_normalized,-0.15632127974905471,0.15632127974905471
return_lag_1,dist_from_low_30m,0.1559856567191801,0.1559856567191801
volatility_60m,macd_signal_normalized,-0.1549969225923107,0.1549969225923107
ema_30m_normalized,slope2_ema_30m_normalized,-0.1549885724770991,0.1549885724770991
slope_ema_30m_normalized,slope2_ema_30m_normalized,0.15498857247709427,0.15498857247709427
slope_ema_10m_normalized,volatility_30m,-0.1525402852181627,0.1525402852181627
ema_10m_normalized,volatility_30m,0.15254028521814475,0.15254028521814475
dist_from_high_30m,minute_of_day,0.14991440525608987,0.14991440525608987
slope2_ema_60m_normalized,rsi_14,0.14884662416807126,0.14884662416807126
dist_from_high_30m,hour_of_day,0.14877893418860896,0.14877893418860896
volatility_60m,momentum_60m,-0.14876389654211802,0.14876389654211802
ema_5m_z,return_lag_2,0.14687500377438456,0.14687500377438456
volatility_30m,momentum_15m,-0.1463876850748934,0.1463876850748934
slope2_ema_60m_normalized,momentum_15m,0.14621404950167236,0.14621404950167236
momentum_60m,return_lag_2,0.14531455327511242,0.14531455327511242
slope_ema_30m_normalized,volatility_60m,-0.14445540240943824,0.14445540240943824
ema_30m_normalized,volatility_60m,0.14445540240941968,0.14445540240941968
slope_ema_5m_normalized,macd_signal_normalized,0.14375046175119616,0.14375046175119616
ema_5m_normalized,macd_signal_normalized,-0.14375046175119494,0.14375046175119494
momentum_60m,atr_14,-0.1409036472661631,0.1409036472661631
return_lag_2,dist_from_low_30m,0.14014345020672606,0.14014345020672606
price_normalized,atr_14,-0.14000005733390242,0.14000005733390242
slope2_ema_60m_normalized,dist_from_low_30m,0.13995775866749016,0.13995775866749016
price_normalized,volatility_60m,-0.13849442485418567,0.13849442485418567
volatility_15m,return_lag_2,-0.136584228218989,0.136584228218989
slope_ema_30m_normalized,atr_14,-0.1365023196017135,0.1365023196017135
ema_30m_normalized,atr_14,0.13650231960170772,0.13650231960170772
ema_5m_z,return_lag_1,0.13538086836251575,0.13538086836251575
ema_30m_z,slope_ema_5m_normalized,0.13478507150575014,0.13478507150575014
ema_5m_normalized,ema_30m_z,-0.13478507150574612,0.13478507150574612
ema_15m_normalized,slope2_ema_10m_normalized,-0.13372337582864885,0.13372337582864885
slope2_ema_10m_normalized,slope_ema_15m_normalized,0.13372337582863675,0.13372337582863675
volatility_15m,return_lag_1,-0.1327909811622962,0.1327909811622962
momentum_60m,macd_histogram_normalized,0.1322704552734711,0.1322704552734711
return_1m,momentum_60m,0.1302848475951622,0.1302848475951622
slope2_ema_30m_normalized,macd_histogram_normalized,0.12553739085873913,0.12553739085873913
slope_ema_15m_normalized,volatility_60m,-0.1246124418380219,0.1246124418380219
ema_15m_normalized,volatility_60m,0.12461244183800341,0.12461244183800341
slope_ema_5m_normalized,volatility_30m,-0.12427224575103857,0.12427224575103857
ema_5m_normalized,volatility_30m,0.12427224575101409,0.12427224575101409
slope2_ema_30m_normalized,macd_signal_normalized,-0.12336775670930657,0.12336775670930657
slope2_ema_30m_normalized,price_z,0.12165116636825665,0.12165116636825665
slope_ema_60m_normalized,slope2_ema_60m_normalized,0.12047826905715198,0.12047826905715198
ema_60m_normalized,slope2_ema_60m_normalized,-0.12047826905714537,0.12047826905714537
momentum_30m,atr_14,-0.11943067889800232,0.11943067889800232
volatility_60m,momentum_30m,-0.11798340446389004,0.11798340446389004
slope2_ema_15m_normalized,macd_signal_normalized,-0.11762914434005729,0.11762914434005729
oc_spread,momentum_60m,0.11590272068230668,0.11590272068230668
price_range,ema_crossover_5m_60m,-0.1154427604676811,0.1154427604676811
price_range,macd_normalized,-0.1154427604676811,0.1154427604676811
slope2_ema_15m_normalized,return_lag_2,-0.11536480268971346,0.11536480268971346
slope_ema_10m_normalized,volatility_60m,-0.11397334597397327,0.11397334597397327
ema_10m_normalized,volatility_60m,0.11397334597396096,0.11397334597396096
slope_ema_60m_normalized,price_range,-0.11362171488827978,0.11362171488827978
ema_60m_normalized,price_range,0.11362171488827646,0.11362171488827646
slope2_ema_10m_normalized,macd_normalized,-0.11252472464559223,0.11252472464559223
slope2_ema_10m_normalized,ema_crossover_5m_60m,-0.11252472464559223,0.11252472464559223
momentum_15m,atr_14,-0.11156997621180487,0.11156997621180487
slope2_ema_5m_normalized,ema_crossover_5m_60m,-0.11123407503609915,0.11123407503609915
slope2_ema_5m_normalized,macd_normalized,-0.11123407503609915,0.11123407503609915
ema_60m_z,atr_14,-0.11088658374532374,0.11088658374532374
slope_ema_15m_normalized,atr_14,-0.10947688947869848,0.10947688947869848
ema_15m_normalized,atr_14,0.10947688947868699,0.10947688947868699
slope2_ema_5m_normalized,bb_position_20,0.10937183093569304,0.10937183093569304
ema_10m_z,return_lag_2,0.10934058769442004,0.10934058769442004
price_range,macd_signal_normalized,-0.1090922745974791,0.1090922745974791
slope2_ema_15m_normalized,macd_normalized,-0.10680597390240745,0.10680597390240745
slope2_ema_15m_normalized,ema_crossover_5m_60m,-0.10680597390240745,0.10680597390240745
volatility_60m,momentum_15m,-0.10465346954061444,0.10465346954061444
slope2_ema_10m_normalized,macd_signal_normalized,-0.10293638631308664,0.10293638631308664
slope2_ema_60m_normalized,macd_signal_normalized,-0.10254724294420756,0.10254724294420756
slope2_ema_60m_normalized,dist_from_high_30m,0.10242835139673075,0.10242835139673075
slope2_ema_30m_normalized,rsi_14,0.1019607605438407,0.1019607605438407
volatility_30m,return_lag_1,-0.10189104636321103,0.10189104636321103
ema_60m_z,slope_ema_5m_normalized,0.10173031083063601,0.10173031083063601
ema_5m_normalized,ema_60m_z,-0.10173031083063241,0.10173031083063241
slope2_ema_30m_normalized,dist_from_low_30m,0.10132122106932946,0.10132122106932946
price_range,momentum_60m,-0.10117919304593385,0.10117919304593385
volatility_30m,return_lag_2,-0.09898471565283255,0.09898471565283255
return_1m,ema_5m_z,0.09880996338139653,0.09880996338139653
price_normalized,price_range,-0.09831853206859618,0.09831853206859618
slope_ema_30m_normalized,price_range,-0.09518899189068773,0.09518899189068773
ema_30m_normalized,price_range,0.09518899189068696,0.09518899189068696
ema_10m_z,return_lag_1,0.09517336293069294,0.09517336293069294
slope_ema_5m_normalized,volatility_60m,-0.09493943416783938,0.09493943416783938
ema_5m_normalized,volatility_60m,0.0949394341678205,0.0949394341678205
volatility_30m,macd_histogram_normalized,-0.09359012368835062,0.09359012368835062
price_normalized,slope2_ema_60m_normalized,0.09330356094989115,0.09330356094989115
ema_30m_z,atr_14,-0.0932523549755713,0.0932523549755713
slope_ema_10m_normalized,atr_14,-0.0926705917203691,0.0926705917203691
ema_10m_normalized,atr_14,0.09267059172036282,0.09267059172036282
ema_15m_z,return_lag_2,0.09006619942488521,0.09006619942488521
ema_10m_normalized,slope2_ema_5m_normalized,-0.0898649009309046,0.0898649009309046
slope2_ema_5m_normalized,slope_ema_10m_normalized,0.08986490093088527,0.08986490093088527
ema_60m_z,price_range,-0.08900784109888836,0.08900784109888836
slope2_ema_30m_normalized,return_lag_1,-0.08796300768425389,0.08796300768425389
slope2_ema_5m_normalized,volatility_15m,0.08792714674851185,0.08792714674851185
slope2_ema_15m_normalized,price_z,0.0867802428908538,0.0867802428908538
return_1m,macd_normalized,0.08596438337079759,0.08596438337079759
return_1m,ema_crossover_5m_60m,0.08596438337079759,0.08596438337079759
ema_60m_z,volatility_15m,-0.08571573305543827,0.08571573305543827
price_range,momentum_30m,-0.08482241262481245,0.08482241262481245
ema_30m_normalized,slope2_ema_15m_normalized,-0.08458477791564517,0.08458477791564517
slope2_ema_15m_normalized,slope_ema_30m_normalized,0.08458477791564209,0.08458477791564209
ema_5m_z,oc_spread,0.08349036708317292,0.08349036708317292
ema_60m_z,volatility_30m,-0.08264052772837173,0.08264052772837173
ema_15m_z,atr_14,-0.08253531327529008,0.08253531327529008
slope2_ema_30m_normalized,macd_normalized,-0.08196719481426021,0.08196719481426021
slope2_ema_30m_normalized,ema_crossover_5m_60m,-0.08196719481426021,0.08196719481426021
slope2_ema_30m_normalized,momentum_15m,0.0810548656711109,0.0810548656711109
volatility_60m,return_lag_1,-0.07890467303226774,0.07890467303226774
ema_10m_z,atr_14,-0.07835860759690914,0.07835860759690914
slope_ema_15m_normalized,price_range,-0.07782175525076844,0.07782175525076844
ema_15m_normalized,price_range,0.07782175525076523,0.07782175525076523
ema_30m_z,price_range,-0.07693032867289254,0.07693032867289254
volatility_60m,return_lag_2,-0.07687487567927369,0.07687487567927369
ema_15m_z,return_lag_1,0.07654839577739396,0.07654839577739396
oc_spread,macd_normalized,0.07538976639472746,0.07538976639472746
oc_spread,ema_crossover_5m_60m,0.07538976639472746,0.07538976639472746
macd_signal_normalized,return_lag_2,0.07395194126137253,0.07395194126137253
ema_5m_z,atr_14,-0.07319596995854992,0.07319596995854992
price_range,momentum_15m,-0.07242588327223702,0.07242588327223702
slope2_ema_30m_normalized,slope_ema_60m_normalized,0.07219322328256719,0.07219322328256719
ema_60m_normalized,slope2_ema_30m_normalized,-0.07219322328256184,0.07219322328256184
ema_30m_z,volatility_15m,-0.07168005317028568,0.07168005317028568
ema_15m_z,slope2_ema_15m_normalized,-0.0716331373011083,0.0716331373011083
slope2_ema_5m_normalized,macd_signal_normalized,-0.07156092498636062,0.07156092498636062
ema_15m_z,price_range,-0.0713853768407626,0.0713853768407626
ema_10m_z,slope2_ema_10m_normalized,-0.07121038530460183,0.07121038530460183
ema_60m_z,volatility_60m,-0.07119330282216725,0.07119330282216725
ema_10m_z,slope2_ema_15m_normalized,-0.07059893634555209,0.07059893634555209
ema_10m_z,price_range,-0.06993011293820546,0.06993011293820546
slope2_ema_10m_normalized,price_z,0.06921485973630377,0.06921485973630377
ema_15m_z,slope2_ema_10m_normalized,-0.06867778214477006,0.06867778214477006
ema_5m_z,price_range,-0.06834546180779391,0.06834546180779391
slope2_ema_15m_normalized,dist_from_low_30m,0.06795058289907799,0.06795058289907799
slope_ema_10m_normalized,price_range,-0.06692056371302019,0.06692056371302019
ema_10m_normalized,price_range,0.06692056371301829,0.06692056371301829
price_z,atr_14,-0.06652635290709284,0.06652635290709284
slope_ema_5m_normalized,atr_14,-0.0663698069259063,0.0663698069259063
ema_5m_normalized,atr_14,0.06636980692589074,0.06636980692589074
ema_30m_z,return_lag_2,0.06592612325514188,0.06592612325514188
ema_30m_z,volatility_30m,-0.06524544491666998,0.06524544491666998
slope2_ema_10m_normalized,volatility_15m,0.06521424763136828,0.06521424763136828
price_z,price_range,-0.06507062016021326,0.06507062016021326
ema_30m_z,slope2_ema_30m_normalized,-0.06490244899196546,0.06490244899196546
ema_30m_z,slope2_ema_15m_normalized,-0.06390026955798364,0.06390026955798364
volatility_60m,macd_histogram_normalized,-0.06349464075881664,0.06349464075881664
ema_15m_z,slope2_ema_30m_normalized,-0.06330671476775282,0.06330671476775282
slope2_ema_60m_normalized,momentum_30m,0.06260400705512716,0.06260400705512716
ema_15m_z,volatility_15m,-0.06259276889526721,0.06259276889526721
ema_10m_z,slope2_ema_5m_normalized,-0.06227597985072471,0.06227597985072471
ema_5m_z,slope2_ema_5m_normalized,-0.062162531774563524,0.062162531774563524
return_1m,ema_10m_z,0.061740230868259464,0.061740230868259464
slope2_ema_5m_normalized,volatility_30m,0.060775771535690075,0.060775771535690075
ema_5m_z,slope2_ema_10m_normalized,-0.05982766195120551,0.05982766195120551
ema_10m_z,volatility_15m,-0.05880749068902081,0.05880749068902081
slope2_ema_30m_normalized,return_lag_2,-0.05860566756864938,0.05860566756864938
ema_60m_z,slope2_ema_30m_normalized,-0.058528946185692834,0.058528946185692834
slope2_ema_30m_normalized,dist_from_high_30m,0.05797348413597887,0.05797348413597887
ema_30m_z,macd_histogram_normalized,0.05784059937126649,0.05784059937126649
ema_30m_z,slope2_ema_10m_normalized,-0.05743257461631172,0.05743257461631172
atr_14,return_lag_2,-0.056197653633186656,0.056197653633186656
ema_15m_z,slope2_ema_5m_normalized,-0.05611067890185173,0.05611067890185173
ema_10m_z,slope2_ema_30m_normalized,-0.055656566105979764,0.055656566105979764
slope2_ema_10m_normalized,dist_from_low_30m,0.05420031615360699,0.05420031615360699
ema_5m_z,volatility_15m,-0.0540657133222633,0.0540657133222633
ema_30m_z,return_lag_1,0.05403954223819291,0.05403954223819291
slope2_ema_10m_normalized,macd_histogram_normalized,-0.05403558547557675,0.05403558547557675
ema_15m_z,volatility_30m,-0.053638284645852685,0.053638284645852685
macd_signal_normalized,return_lag_1,0.053364709132393405,0.053364709132393405
slope2_ema_15m_normalized,volatility_15m,0.05300564977238134,0.05300564977238134
atr_14,return_lag_1,-0.052554688257732504,0.052554688257732504
ema_60m_z,slope2_ema_15m_normalized,-0.05224144739758409,0.05224144739758409
ema_5m_z,slope2_ema_15m_normalized,-0.05175081349254764,0.05175081349254764
atr_14,macd_histogram_normalized,-0.051685742315813424,0.051685742315813424
ema_60m_z,slope2_ema_60m_normalized,-0.05148802947102506,0.05148802947102506
slope2_ema_5m_normalized,momentum_15m,-0.050542136165889574,0.050542136165889574
slope2_ema_15m_normalized,rsi_14,0.05032978214896205,0.05032978214896205
slope2_ema_60m_normalized,return_lag_1,-0.05022156537304321,0.05022156537304321
ema_60m_z,return_lag_2,0.04967751826290958,0.04967751826290958
ema_30m_z,volatility_60m,-0.04957167907796141,0.04957167907796141
ema_30m_z,slope2_ema_60m_normalized,-0.04934928726530585,0.04934928726530585
ema_10m_z,volatility_30m,-0.04922213333040646,0.04922213333040646
ema_10m_z,oc_spread,0.049014448500184646,0.049014448500184646
price_range,return_lag_2,-0.04876645927500417,0.04876645927500417
macd_signal_normalized,macd_histogram_normalized,0.048381507047611384,0.048381507047611384
price_z,volatility_15m,-0.04814460493251536,0.04814460493251536
return_1m,ema_15m_z,0.04761644312832807,0.04761644312832807
price_normalized,slope2_ema_30m_normalized,0.04632195270170887,0.04632195270170887
slope2_ema_5m_normalized,volatility_60m,0.046074239637910006,0.046074239637910006
slope_ema_5m_normalized,price_range,-0.046065155102751214,0.046065155102751214
ema_5m_normalized,price_range,0.04606515510273574,0.04606515510273574
ema_60m_z,slope2_ema_10m_normalized,-0.044991348840461194,0.044991348840461194
ema_5m_z,volatility_30m,-0.04444355934710824,0.04444355934710824
ema_30m_normalized,slope2_ema_10m_normalized,-0.04424465150145339,0.04424465150145339
slope2_ema_10m_normalized,slope_ema_30m_normalized,0.044244651501447164,0.044244651501447164
slope2_ema_5m_normalized,price_range,0.0439860338147781,0.0439860338147781
slope2_ema_5m_normalized,price_z,0.04362925478805904,0.04362925478805904
price_range,macd_histogram_normalized,-0.0435546731526663,0.0435546731526663
slope2_ema_10m_normalized,volatility_30m,0.04342897721880215,0.04342897721880215
ema_30m_z,slope2_ema_5m_normalized,-0.043285881437404285,0.043285881437404285
slope2_ema_60m_normalized,ema_crossover_5m_60m,-0.04223708555388247,0.04223708555388247
slope2_ema_60m_normalized,macd_normalized,-0.04223708555388247,0.04223708555388247
slope2_ema_5m_normalized,atr_14,0.04086194749337163,0.04086194749337163
ema_60m_z,return_lag_1,0.040587923340316426,0.040587923340316426
atr_14,day_of_week,0.04007456945074188,0.04007456945074188
price_z,volatility_30m,-0.03959823503895844,0.03959823503895844
slope2_ema_10m_normalized,price_range,0.03885806630272736,0.03885806630272736
ema_15m_z,slope2_ema_60m_normalized,-0.03862309441602335,0.03862309441602335
price_range,return_lag_1,-0.03767640767459058,0.03767640767459058
price_range,rsi_14,-0.03744183680304984,0.03744183680304984
ema_15m_z,volatility_60m,-0.03735109042232879,0.03735109042232879
slope2_ema_5m_normalized,dist_from_low_30m,0.03729271308746058,0.03729271308746058
ema_15m_z,oc_spread,0.036324756878900785,0.036324756878900785
price_range,bb_position_20,-0.036038062900305666,0.036038062900305666
slope2_ema_5m_normalized,dist_from_high_30m,-0.035629301986220635,0.035629301986220635
slope2_ema_15m_normalized,price_range,0.035496727833644805,0.035496727833644805
slope2_ema_15m_normalized,volatility_30m,0.03544884486413178,0.03544884486413178
slope2_ema_10m_normalized,atr_14,0.03492581700044245,0.03492581700044245
slope2_ema_5m_normalized,momentum_30m,-0.03432046588495273,0.03432046588495273
price_range,day_of_week,0.03417611979025325,0.03417611979025325
slope2_ema_30m_normalized,volatility_15m,0.03373865899072738,0.03373865899072738
ema_10m_z,volatility_60m,-0.033485652015720374,0.033485652015720374
return_1m,ema_30m_z,0.03286512541960163,0.03286512541960163
ema_60m_z,slope2_ema_5m_normalized,-0.03237728443796381,0.03237728443796381
slope2_ema_5m_normalized,slope_ema_60m_normalized,-0.03214503112650917,0.03214503112650917
ema_60m_normalized,slope2_ema_5m_normalized,0.032145031126505554,0.032145031126505554
slope2_ema_10m_normalized,volatility_60m,0.03185707419428496,0.03185707419428496
price_normalized,slope2_ema_5m_normalized,-0.031780133368031385,0.031780133368031385
slope2_ema_15m_normalized,atr_14,0.031640509078652894,0.031640509078652894
ema_15m_normalized,slope2_ema_5m_normalized,-0.030616452530493887,0.030616452530493887
slope2_ema_5m_normalized,slope_ema_15m_normalized,0.030616452530478715,0.030616452530478715
slope2_ema_30m_normalized,price_range,0.030325488598418385,0.030325488598418385
ema_5m_z,volatility_60m,-0.02991635688949981,0.02991635688949981
volatility_60m,day_of_week,0.028892738789326928,0.028892738789326928
rsi_14,atr_14,-0.0284999177420288,0.0284999177420288
slope2_ema_15m_normalized,slope_ema_60m_normalized,0.027903418542184543,0.027903418542184543
ema_60m_normalized,slope2_ema_15m_normalized,-0.02790341854218098,0.02790341854218098
slope2_ema_10m_normalized,rsi_14,0.02759067713429035,0.02759067713429035
volatility_15m,day_of_week,0.027355894068859125,0.027355894068859125
volatility_30m,day_of_week,0.026790671835158514,0.026790671835158514
price_z,volatility_60m,-0.026507938195766665,0.026507938195766665
slope2_ema_60m_normalized,price_range,0.026325585759874436,0.026325585759874436
ema_10m_z,slope2_ema_60m_normalized,-0.02624155831487164,0.02624155831487164
ema_5m_z,slope2_ema_30m_normalized,-0.026196123440279877,0.026196123440279877
slope2_ema_30m_normalized,atr_14,0.02572142324411601,0.02572142324411601
slope2_ema_15m_normalized,volatility_60m,0.025272562030010992,0.025272562030010992
slope2_ema_60m_normalized,return_lag_2,-0.025090772255135254,0.025090772255135254
return_1m,ema_60m_z,0.025000898775382484,0.025000898775382484
atr_14,bb_position_20,-0.02497177866378649,0.02497177866378649
slope2_ema_5m_normalized,momentum_60m,-0.02487571418467307,0.02487571418467307
slope2_ema_30m_normalized,volatility_30m,0.02425973680581985,0.02425973680581985
ema_30m_z,oc_spread,0.02334403822544037,0.02334403822544037
slope2_ema_10m_normalized,momentum_30m,-0.02109457744657419,0.02109457744657419
slope2_ema_60m_normalized,atr_14,0.020236688066585934,0.020236688066585934
volatility_15m,rsi_14,-0.020088868593416524,0.020088868593416524
slope2_ema_5m_normalized,slope_ema_30m_normalized,-0.01958860959735969,0.01958860959735969
ema_30m_normalized,slope2_ema_5m_normalized,0.0195886095973496,0.0195886095973496
slope2_ema_10m_normalized,momentum_15m,-0.019110077494948342,0.019110077494948342
ema_60m_z,hour_of_day,0.018856021792696947,0.018856021792696947
ema_60m_z,minute_of_day,0.018799779992933214,0.018799779992933214
slope2_ema_60m_normalized,volatility_15m,0.018576987968953098,0.018576987968953098
slope2_ema_60m_normalized,momentum_60m,0.017793792221979847,0.017793792221979847
ema_60m_z,oc_spread,0.017167440881380627,0.017167440881380627
slope2_ema_30m_normalized,volatility_60m,0.016849305223369446,0.016849305223369446
slope2_ema_15m_normalized,dist_from_high_30m,0.016630536757287567,0.016630536757287567
slope2_ema_15m_normalized,macd_histogram_normalized,0.01661340307937192,0.01661340307937192
volatility_15m,bb_position_20,-0.016541408763343365,0.016541408763343365
oc_spread,return_lag_2,0.016230834029381427,0.016230834029381427
slope2_ema_30m_normalized,momentum_30m,0.016124278804235045,0.016124278804235045
price_range,oc_spread,0.016109404057899405,0.016109404057899405
ema_30m_z,hour_of_day,0.01583968138565129,0.01583968138565129
return_1m,macd_signal_normalized,0.01581992520137377,0.01581992520137377
ema_30m_z,minute_of_day,0.015645426026962565,0.015645426026962565
dist_from_high_30m,day_of_week,-0.015466794815089805,0.015466794815089805
slope2_ema_10m_normalized,momentum_60m,-0.015066162589390596,0.015066162589390596
ema_15m_z,hour_of_day,0.014789575832392182,0.014789575832392182
ema_10m_z,hour_of_day,0.014554890291191605,0.014554890291191605
ema_15m_z,minute_of_day,0.014549410289304152,0.014549410289304152
slope2_ema_60m_normalized,volatility_30m,0.014445169174753494,0.014445169174753494
ema_10m_z,minute_of_day,0.014276841954249941,0.014276841954249941
ema_5m_z,hour_of_day,0.014175587817301296,0.014175587817301296
dist_from_low_30m,day_of_week,0.014069754471257098,0.014069754471257098
ema_60m_z,macd_histogram_normalized,-0.013973070482719053,0.013973070482719053
ema_5m_z,minute_of_day,0.013821798765077215,0.013821798765077215
return_1m,volatility_30m,-0.01330001449371031,0.01330001449371031
ema_60m_z,day_of_week,0.012818784409630577,0.012818784409630577
return_1m,price_range,0.012655273673119314,0.012655273673119314
slope2_ema_15m_normalized,momentum_30m,-0.012443355867608743,0.012443355867608743
volatility_30m,rsi_14,-0.012372351289655335,0.012372351289655335
price_z,hour_of_day,0.012196684414143195,0.012196684414143195
slope2_ema_15m_normalized,momentum_15m,0.011746501224532928,0.011746501224532928
price_z,minute_of_day,0.011728364488324724,0.011728364488324724
return_1m,return_lag_2,0.011372552017339013,0.011372552017339013
return_1m,volatility_15m,-0.011200703440978373,0.011200703440978373
ema_30m_z,day_of_week,0.011117651044065873,0.011117651044065873
slope2_ema_60m_normalized,volatility_60m,0.011039661388180508,0.011039661388180508
oc_spread,macd_signal_normalized,0.011019463390255807,0.011019463390255807
momentum_60m,minute_of_day,-0.010898368176651544,0.010898368176651544
slope2_ema_15m_normalized,momentum_60m,-0.010805199172759718,0.010805199172759718
ema_5m_z,day_of_week,0.010578993931214446,0.010578993931214446
return_1m,return_lag_1,-0.01057674832397751,0.01057674832397751
ema_10m_z,day_of_week,0.010536812349343944,0.010536812349343944
bb_position_20,hour_of_day,0.01049716019627867,0.01049716019627867
price_normalized,slope2_ema_15m_normalized,0.010450383878877766,0.010450383878877766
ema_15m_z,day_of_week,0.01043613348035278,0.01043613348035278
momentum_60m,hour_of_day,-0.010429234264372405,0.010429234264372405
return_1m,volatility_60m,-0.01034089455488451,0.01034089455488451
volatility_30m,bb_position_20,-0.01032425576411197,0.01032425576411197
bb_position_20,minute_of_day,0.0097008856646327,0.0097008856646327
price_z,day_of_week,0.009414843950801957,0.009414843950801957
macd_signal_normalized,minute_of_day,-0.009201806886463156,0.009201806886463156
ema_5m_z,slope2_ema_60m_normalized,0.009165088650158302,0.009165088650158302
slope2_ema_5m_normalized,rsi_14,0.009091975011009711,0.009091975011009711
oc_spread,return_lag_1,-0.008944107070893475,0.008944107070893475
macd_signal_normalized,hour_of_day,-0.00892603224953213,0.00892603224953213
ema_crossover_5m_60m,minute_of_day,-0.008372555839170723,0.008372555839170723
macd_normalized,minute_of_day,-0.008372555839170723,0.008372555839170723
return_lag_1,day_of_week,-0.00815717353560376,0.00815717353560376
slope_ema_60m_normalized,minute_of_day,-0.008146930457977736,0.008146930457977736
ema_60m_normalized,minute_of_day,0.008146930457970014,0.008146930457970014
macd_normalized,hour_of_day,-0.00794551870348697,0.00794551870348697
ema_crossover_5m_60m,hour_of_day,-0.00794551870348697,0.00794551870348697
oc_spread,volatility_30m,-0.007905621942111826,0.007905621942111826
price_normalized,minute_of_day,-0.007812004904525557,0.007812004904525557
slope_ema_60m_normalized,hour_of_day,-0.007605177444510179,0.007605177444510179
ema_60m_normalized,hour_of_day,0.007605177444502283,0.007605177444502283
bb_position_20,day_of_week,0.007325716672986001,0.007325716672986001
price_normalized,hour_of_day,-0.007302293043737429,0.007302293043737429
dist_from_high_30m,dist_from_low_30m,-0.007250399735951457,0.007250399735951457
volatility_60m,rsi_14,-0.007126190054143381,0.007126190054143381
volatility_60m,bb_position_20,-0.006800572710230818,0.006800572710230818
return_1m,minute_of_day,-0.006718860433861147,0.006718860433861147
slope2_ema_5m_normalized,minute_of_day,-0.006662306560279833,0.006662306560279833
rsi_14,day_of_week,0.006524207949276461,0.006524207949276461
rsi_14,hour_of_day,0.0065203942874083685,0.0065203942874083685
oc_spread,volatility_60m,-0.006394200631725052,0.006394200631725052
ema_5m_normalized,day_of_week,0.0063210566522985435,0.0063210566522985435
slope_ema_5m_normalized,day_of_week,-0.006321056652298481,0.006321056652298481
slope2_ema_10m_normalized,minute_of_day,-0.006205106164924911,0.006205106164924911
slope2_ema_5m_normalized,hour_of_day,-0.00615371055862926,0.00615371055862926
price_normalized,slope2_ema_10m_normalized,-0.006045820749794646,0.006045820749794646
return_1m,hour_of_day,-0.006005240330225366,0.006005240330225366
slope2_ema_15m_normalized,minute_of_day,-0.005968065517229667,0.005968065517229667
rsi_14,minute_of_day,0.005863563875458316,0.005863563875458316
slope2_ema_30m_normalized,minute_of_day,-0.0057294027794303325,0.0057294027794303325
slope2_ema_10m_normalized,hour_of_day,-0.005672730351400832,0.005672730351400832
slope2_ema_60m_normalized,minute_of_day,-0.0055429148306829065,0.0055429148306829065
oc_spread,minute_of_day,-0.005501936983411769,0.005501936983411769
minute_of_day,day_of_week,0.005443159489314707,0.005443159489314707
slope2_ema_15m_normalized,hour_of_day,-0.0054096198688196526,0.0054096198688196526
slope_ema_10m_normalized,day_of_week,-0.005371334072571193,0.005371334072571193
ema_10m_normalized,day_of_week,0.005371334072568482,0.005371334072568482
ema_30m_normalized,minute_of_day,0.005350457462336007,0.005350457462336007
slope_ema_30m_normalized,minute_of_day,-0.005350457462334031,0.005350457462334031
day_of_week,hour_of_day,0.0052452443008325295,0.0052452443008325295
slope2_ema_30m_normalized,hour_of_day,-0.0051201222653243115,0.0051201222653243115
macd_histogram_normalized,day_of_week,-0.005075603165761061,0.005075603165761061
momentum_15m,minute_of_day,-0.004989136226818232,0.004989136226818232
slope2_ema_60m_normalized,hour_of_day,-0.004896557916494385,0.004896557916494385
oc_spread,hour_of_day,-0.00487405150485238,0.00487405150485238
ema_30m_normalized,hour_of_day,0.0047130601233915615,0.0047130601233915615
slope_ema_30m_normalized,hour_of_day,-0.004713060123389264,0.004713060123389264
slope_ema_15m_normalized,day_of_week,-0.0046814716101311,0.0046814716101311
ema_15m_normalized,day_of_week,0.004681471610131098,0.004681471610131098
slope2_ema_10m_normalized,slope_ema_60m_normalized,0.004669322791030659,0.004669322791030659
ema_60m_normalized,slope2_ema_10m_normalized,-0.00466932279102981,0.00466932279102981
momentum_30m,minute_of_day,-0.004548760671873929,0.004548760671873929
momentum_60m,day_of_week,0.00444015616096739,0.00444015616096739
momentum_15m,hour_of_day,-0.004253793064564494,0.004253793064564494
momentum_30m,hour_of_day,-0.004216365677407666,0.004216365677407666
return_lag_1,return_lag_2,-0.004116515358442047,0.004116515358442047
oc_spread,volatility_15m,-0.003926909596862009,0.003926909596862009
slope_ema_15m_normalized,minute_of_day,-0.0038062150381059506,0.0038062150381059506
ema_15m_normalized,minute_of_day,0.0038062150381045373,0.0038062150381045373
slope2_ema_10m_normalized,dist_from_high_30m,-0.0036942054968703134,0.0036942054968703134
return_lag_2,day_of_week,-0.003276651951606025,0.003276651951606025
slope_ema_10m_normalized,minute_of_day,-0.003176391477668309,0.003176391477668309
ema_10m_normalized,minute_of_day,0.0031763914776680056,0.0031763914776680056
slope_ema_15m_normalized,hour_of_day,-0.0031031524144794647,0.0031031524144794647
ema_15m_normalized,hour_of_day,0.0031031524144780934,0.0031031524144780934
macd_signal_normalized,day_of_week,0.0030603566331615633,0.0030603566331615633
slope_ema_5m_normalized,minute_of_day,-0.0029693714803462105,0.0029693714803462105
ema_5m_normalized,minute_of_day,0.0029693714803455313,0.0029693714803455313
slope_ema_30m_normalized,day_of_week,-0.0028971290143613247,0.0028971290143613247
ema_30m_normalized,day_of_week,0.0028971290143572294,0.0028971290143572294
slope2_ema_60m_normalized,day_of_week,-0.0026780186844576875,0.0026780186844576875
return_1m,day_of_week,-0.0026247015021188995,0.0026247015021188995
slope_ema_10m_normalized,hour_of_day,-0.0024776782265406253,0.0024776782265406253
ema_10m_normalized,hour_of_day,0.0024776782265399653,0.0024776782265399653
momentum_15m,day_of_week,-0.002374506089234398,0.002374506089234398
slope2_ema_30m_normalized,momentum_60m,-0.002325152568939508,0.002325152568939508
slope_ema_5m_normalized,hour_of_day,-0.002316641522729849,0.002316641522729849
ema_5m_normalized,hour_of_day,0.0023166415227292327,0.0023166415227292327
slope2_ema_30m_normalized,day_of_week,-0.0022026826458132246,0.0022026826458132246
oc_spread,atr_14,0.0020308836713157086,0.0020308836713157086
momentum_30m,day_of_week,-0.0018882924506298635,0.0018882924506298635
macd_histogram_normalized,hour_of_day,0.0018335262390941427,0.0018335262390941427
slope2_ema_15m_normalized,day_of_week,-0.001493535322252671,0.001493535322252671
ema_crossover_5m_60m,day_of_week,0.0014881779587751227,0.0014881779587751227
macd_normalized,day_of_week,0.0014881779587751227,0.0014881779587751227
oc_spread,day_of_week,-0.0014848991986126257,0.0014848991986126257
macd_histogram_normalized,minute_of_day,0.0012369606997545343,0.0012369606997545343
return_lag_1,hour_of_day,0.0009314072390670931,0.0009314072390670931
slope2_ema_10m_normalized,day_of_week,-0.0009312842114633874,0.0009312842114633874
return_lag_1,minute_of_day,0.0007887696882039991,0.0007887696882039991
slope2_ema_5m_normalized,day_of_week,0.0005644774312846094,0.0005644774312846094
return_1m,atr_14,-0.00045031625746434404,0.00045031625746434404
return_lag_2,minute_of_day,0.0003911838604275463,0.0003911838604275463
return_lag_2,hour_of_day,0.00033955744967586543,0.00033955744967586543
slope_ema_60m_normalized,day_of_week,-0.00027648891912928015,0.00027648891912928015
ema_60m_normalized,day_of_week,0.0002764889191283403,0.0002764889191283403
price_normalized,day_of_week,-0.0001253000282138719,0.0001253000282138719
